Ticker,Date/Time,Open,High,Low,Close,Volume
^JKMNC36,8/29/2013,201.76,205.45,200.26,205.20,1600000000
^JKMNC36,8/30/2013,204.90,211.50,204.36,211.50,1570000000
^JKMNC36,9/2/2013,211.41,211.93,202.44,204.23,985310016
^JKMNC36,9/3/2013,204.83,208.15,204.67,207.56,857859968
^JKMNC36,9/4/2013,205.95,206.04,201.27,201.68,881600000
^JKMNC36,9/5/2013,203.44,205.03,197.86,199.91,1170000000
^JKMNC36,9/6/2013,200.57,201.75,197.85,201.65,911470016
^JKMNC36,9/9/2013,204.30,209.26,203.27,209.26,1250000000
^JKMNC36,9/10/2013,211.94,222.82,211.94,222.82,2440000000
^JKMNC36,9/11/2013,224.01,226.03,217.35,221.80,1250000000
^JKMNC36,9/12/2013,220.34,222.72,218.59,221.30,1020000000
^JKMNC36,9/13/2013,220.03,223.11,218.72,222.77,883049984
^JKMNC36,9/16/2013,224.88,232.24,224.80,232.24,1490000000
^JKMNC36,9/17/2013,231.83,233.08,229.03,231.44,1280000000
^JKMNC36,9/18/2013,230.25,230.40,226.11,226.96,855030016
^JKMNC36,9/19/2013,235.07,250.59,235.07,240.13,3120000000
^JKMNC36,9/20/2013,238.84,239.83,233.84,233.84,1260000000
^JKMNC36,9/23/2013,229.46,232.38,228.92,232.38,846489984
^JKMNC36,9/24/2013,231.25,233.09,225.01,226.24,1150000000
^JKMNC36,9/25/2013,221.22,225.04,218.97,222.49,1020000000
^JKMNC36,9/26/2013,222.39,227.40,221.86,222.58,1190000000
^JKMNC36,9/27/2013,225.07,226.05,223.54,224.16,732579968
^JKMNC36,9/30/2013,221.23,223.00,216.40,216.40,993400000
^JKMNC36,10/1/2013,216.19,221.77,216.19,219.25,1030000000
^JKMNC36,10/2/2013,221.10,224.51,221.10,222.52,792249984
^JKMNC36,10/3/2013,223.05,224.39,222.68,223.89,519940000
^JKMNC36,10/4/2013,223.15,223.50,221.09,222.60,545379968
^JKMNC36,10/7/2013,222.69,223.65,220.83,221.91,636360000
^JKMNC36,10/8/2013,220.70,226.29,220.65,225.34,1090000000
^JKMNC36,10/9/2013,224.34,226.93,223.56,225.91,809760000
^JKMNC36,10/10/2013,227.66,229.11,227.06,227.71,1070000000
^JKMNC36,10/11/2013,230.53,231.55,228.38,229.48,1040000000
^JKMNC36,10/16/2013,230.15,230.49,226.55,227.43,797830016
^JKMNC36,10/17/2013,229.92,231.32,227.52,228.65,906009984
^JKMNC36,10/18/2013,228.47,230.15,226.89,230.15,893990016
^JKMNC36,10/21/2013,230.81,232.93,230.24,232.86,1130000000
^JKMNC36,10/22/2013,230.76,231.46,227.43,228.33,756080000
^JKMNC36,10/23/2013,229.52,235.76,229.52,230.44,1490000000
^JKMNC36,10/24/2013,229.70,233.93,229.54,233.81,1390000000
^JKMNC36,10/25/2013,232.66,234.49,231.90,232.96,1090000000
^JKMNC36,10/28/2013,234.06,235.01,232.56,233.73,1240000000
^JKMNC36,10/29/2013,232.94,233.78,230.43,231.92,869830016
^JKMNC36,10/30/2013,232.00,233.01,230.32,232.67,1100000000
^JKMNC36,10/31/2013,229.82,230.89,227.02,228.34,1220000000
^JKMNC36,11/1/2013,225.26,228.78,223.39,223.39,1180000000
^JKMNC36,11/4/2013,223.04,224.19,221.41,223.27,679369984
^JKMNC36,11/6/2013,223.89,224.18,221.86,224.18,940880000
^JKMNC36,11/7/2013,224.46,226.51,223.95,225.88,1090000000
^JKMNC36,11/8/2013,223.87,225.74,223.37,224.63,951720000
^JKMNC36,11/11/2013,224.45,225.00,221.46,221.74,875480000
^JKMNC36,11/12/2013,222.35,222.68,217.09,217.96,978520000
^JKMNC36,11/13/2013,216.57,216.57,212.01,213.53,1090000000
^JKMNC36,11/14/2013,215.14,218.96,215.14,217.84,1130000000
^JKMNC36,11/15/2013,219.54,220.76,215.08,216.27,815430016
^JKMNC36,11/18/2013,217.63,219.67,217.61,219.40,748809984
^JKMNC36,11/19/2013,219.15,219.91,217.35,219.32,929800000
^JKMNC36,11/20/2013,219.83,219.90,214.23,216.01,902200000
^JKMNC36,11/21/2013,214.46,214.55,211.66,213.46,805950016
^JKMNC36,11/22/2013,215.07,215.59,212.32,213.25,726979968
^JKMNC36,11/25/2013,214.57,215.27,213.14,214.15,591609984
^JKMNC36,11/26/2013,213.95,213.98,207.94,207.94,1480000000
^JKMNC36,11/27/2013,209.49,210.32,207.26,209.72,850840000
^JKMNC36,11/28/2013,210.84,211.46,207.62,209.57,657150016
^JKMNC36,11/29/2013,208.86,211.08,208.45,211.01,536620000
^JKMNC36,12/2/2013,211.73,215.65,211.35,215.35,1420000000
^JKMNC36,12/3/2013,214.91,215.08,211.73,213.50,857800000
^JKMNC36,12/4/2013,211.84,212.20,209.62,209.62,686590016
^JKMNC36,12/5/2013,209.65,210.00,205.80,207.99,743299968
^JKMNC36,12/6/2013,207.09,207.23,204.04,205.13,835219968
^JKMNC36,12/9/2013,207.26,208.16,205.24,207.21,895320000
^JKMNC36,12/10/2013,207.76,211.26,207.45,210.95,1040000000
^JKMNC36,12/11/2013,210.77,211.80,208.96,211.52,874940032
^JKMNC36,12/12/2013,209.08,210.51,207.65,207.65,884849984
^JKMNC36,12/13/2013,207.66,207.88,204.76,205.78,680670016
^JKMNC36,12/16/2013,204.45,204.48,201.94,202.90,652089984
^JKMNC36,12/17/2013,204.31,206.93,204.24,206.04,780680000
^JKMNC36,12/18/2013,206.93,208.06,205.06,206.91,695150016
^JKMNC36,12/19/2013,209.05,210.95,207.75,208.94,757510016
^JKMNC36,12/20/2013,208.65,209.07,205.73,206.31,623379968
^JKMNC36,12/23/2013,207.15,207.62,204.12,206.53,496609984
^JKMNC36,12/24/2013,207.07,207.79,205.71,207.27,372380000
^JKMNC36,12/27/2013,207.82,209.74,207.41,207.41,418580000
^JKMNC36,12/30/2013,209.32,210.48,208.37,210.18,528300000
^JKMNC36,1/2/2014,211.74,214.13,211.18,214.13,603289984
^JKMNC36,1/3/2014,211.75,211.95,209.29,210.48,661699968
^JKMNC36,1/6/2014,210.63,211.06,206.24,207.43,458430016
^JKMNC36,1/7/2014,207.54,207.72,205.91,205.91,506889984
^JKMNC36,1/8/2014,206.59,207.98,205.17,207.51,611859968
^JKMNC36,1/9/2014,207.34,209.00,206.70,207.91,788910016
^JKMNC36,1/10/2014,207.66,213.70,207.40,212.56,934080000
^JKMNC36,1/13/2014,215.52,222.26,215.32,221.86,2260000000
^JKMNC36,1/15/2014,222.61,226.49,222.10,224.59,1730000000
^JKMNC36,1/16/2014,225.50,225.55,222.20,222.20,1050000000
^JKMNC36,1/17/2014,222.11,224.51,221.60,223.31,859110016
^JKMNC36,1/20/2014,223.11,224.82,222.87,224.44,732689984
^JKMNC36,1/21/2014,224.99,225.76,224.29,225.43,1000000000
^JKMNC36,1/22/2014,224.55,226.56,223.87,226.56,1180000000
^JKMNC36,1/23/2014,227.93,229.06,227.43,228.00,1050000000
^JKMNC36,1/24/2014,227.11,227.12,224.60,225.18,733320000
^JKMNC36,1/27/2014,219.03,219.28,214.81,217.75,886120000
^JKMNC36,1/28/2014,216.63,220.17,215.46,219.45,824960000
^JKMNC36,1/29/2014,220.36,225.72,220.36,224.41,1010000000
^JKMNC36,1/30/2014,220.72,224.65,219.96,224.65,858609984
^JKMNC36,2/3/2014,223.47,223.93,221.53,222.49,614550016
^JKMNC36,2/4/2014,218.71,221.81,218.10,220.70,601289984
^JKMNC36,2/5/2014,222.51,223.12,221.44,222.97,765699968
^JKMNC36,2/6/2014,223.04,225.71,222.82,225.71,1100000000
^JKMNC36,2/7/2014,226.88,228.59,226.79,228.07,1420000000
^JKMNC36,2/10/2014,229.33,230.34,227.36,227.36,1310000000
^JKMNC36,2/11/2014,227.66,228.82,227.44,227.94,1180000000
^JKMNC36,2/12/2014,229.43,230.07,228.45,229.16,1210000000
^JKMNC36,2/13/2014,229.25,229.43,228.49,228.76,768140032
^JKMNC36,2/14/2014,229.66,229.97,229.17,229.63,934840000
^JKMNC36,2/17/2014,230.89,232.60,230.89,232.37,1570000000
^JKMNC36,2/18/2014,232.83,233.26,232.07,232.55,1070000000
^JKMNC36,2/19/2014,233.02,234.69,232.90,234.69,1080000000
^JKMNC36,2/20/2014,234.21,235.86,234.04,235.86,1040000000
^JKMNC36,2/21/2014,237.08,239.23,236.84,238.75,1300000000
^JKMNC36,2/24/2014,239.26,240.18,237.54,237.64,901110016
^JKMNC36,2/25/2014,237.83,238.79,233.53,234.05,899059968
^JKMNC36,2/26/2014,233.08,233.56,230.63,231.42,1130000000
^JKMNC36,2/27/2014,231.50,233.21,231.09,232.41,852200000
^JKMNC36,2/28/2014,233.04,235.11,232.63,235.11,984499968
^JKMNC36,3/3/2014,233.11,233.70,232.42,233.61,675369984
^JKMNC36,3/4/2014,233.20,234.46,232.66,234.37,858569984
^JKMNC36,3/5/2014,235.74,237.13,235.66,236.85,1030000000
^JKMNC36,3/6/2014,237.51,238.68,236.70,238.68,1670000000
^JKMNC36,3/7/2014,239.38,239.94,238.06,238.39,1600000000
^JKMNC36,3/10/2014,236.84,237.74,235.74,236.75,1210000000
^JKMNC36,3/11/2014,236.47,238.47,236.41,238.47,1830000000
^JKMNC36,3/12/2014,236.82,238.51,235.93,237.59,1840000000
^JKMNC36,3/13/2014,238.30,240.85,238.22,240.74,1240000000
^JKMNC36,3/14/2014,238.31,252.06,237.59,251.79,2000000000
^JKMNC36,3/17/2014,252.41,253.00,248.67,250.21,2470000128
^JKMNC36,3/18/2014,250.43,250.96,244.75,245.25,1580000000
^JKMNC36,3/19/2014,246.12,246.97,245.01,245.63,1170000000
^JKMNC36,3/20/2014,244.69,244.72,237.74,238.16,1440000000
^JKMNC36,3/21/2014,239.23,240.27,235.66,238.63,1400000000
^JKMNC36,3/24/2014,239.44,240.21,238.27,239.63,768960000
^JKMNC36,3/25/2014,238.69,239.35,238.39,238.89,638089984
^JKMNC36,3/26/2014,238.88,241.81,238.85,240.83,760390016
^JKMNC36,3/27/2014,240.47,243.05,240.23,240.31,952969984
^JKMNC36,3/28/2014,241.39,243.24,241.28,242.36,953729984
^JKMNC36,4/1/2014,244.28,249.88,244.11,249.88,1720000000
^JKMNC36,4/2/2014,250.07,251.31,248.74,249.65,1350000000
^JKMNC36,4/3/2014,250.10,251.13,249.77,250.97,929430016
^JKMNC36,4/4/2014,251.12,251.31,247.08,248.45,869030016
^JKMNC36,4/7/2014,248.38,252.90,248.17,252.00,1300000000
^JKMNC36,4/8/2014,251.95,252.53,251.20,252.19,1440000000
^JKMNC36,4/10/2014,245.24,245.66,241.26,242.58,3009999872
^JKMNC36,4/11/2014,239.93,245.40,239.15,245.40,1360000000
^JKMNC36,4/14/2014,244.71,248.69,244.71,248.50,1300000000
^JKMNC36,4/15/2014,248.61,250.12,248.11,248.42,1150000000
^JKMNC36,4/16/2014,249.49,249.94,248.49,248.50,880230016
^JKMNC36,4/17/2014,250.02,250.50,249.04,250.27,754520000
^JKMNC36,4/21/2014,251.04,251.12,249.70,249.91,488140000
^JKMNC36,4/22/2014,249.69,250.99,248.45,250.99,790430016
^JKMNC36,4/23/2014,250.31,251.82,249.78,249.79,725510016
^JKMNC36,4/24/2014,249.61,251.31,248.59,249.35,828819968
^JKMNC36,4/25/2014,249.46,251.01,249.31,249.71,948979968
^JKMNC36,4/28/2014,250.10,250.24,245.25,245.25,782550016
^JKMNC36,4/29/2014,244.69,245.53,243.85,245.09,598409984
^JKMNC36,4/30/2014,246.34,246.91,245.56,245.92,829160000
^JKMNC36,5/2/2014,246.62,248.00,246.43,247.14,707080000
^JKMNC36,5/5/2014,247.51,248.65,247.19,247.67,412310016
^JKMNC36,5/6/2014,247.56,248.19,246.38,246.46,321260000
^JKMNC36,5/7/2014,246.31,247.94,245.99,247.94,640819968
^JKMNC36,5/8/2014,249.00,249.60,246.98,248.83,615560000
^JKMNC36,5/9/2014,249.91,250.75,248.77,250.75,624800000
^JKMNC36,5/12/2014,251.47,253.07,251.30,252.08,818520000
^JKMNC36,5/13/2014,253.66,254.13,251.19,252.49,568790016
^JKMNC36,5/14/2014,253.48,258.51,253.48,258.51,998280000
^JKMNC36,5/16/2014,258.50,262.32,258.13,262.32,1090000000
^JKMNC36,5/19/2014,264.02,266.94,258.27,261.51,1260000000
^JKMNC36,5/20/2014,260.36,260.40,250.69,252.99,1020000000
^JKMNC36,5/21/2014,251.66,254.40,250.96,254.09,638819968
^JKMNC36,5/22/2014,255.54,258.53,255.25,257.78,666590016
^JKMNC36,5/23/2014,258.74,258.88,257.69,258.40,452609984
^JKMNC36,5/26/2014,259.42,259.53,257.38,257.94,393449984
^JKMNC36,5/28/2014,257.83,259.40,257.38,259.10,540769984
^JKMNC36,5/30/2014,259.90,260.09,253.40,253.40,1260000000
^JKMNC36,6/2/2014,253.08,253.70,251.32,253.30,606840000
^JKMNC36,6/3/2014,253.57,255.53,251.79,255.53,628409984
^JKMNC36,6/4/2014,254.97,255.77,254.25,255.18,489990016
^JKMNC36,6/5/2014,255.14,255.42,253.97,255.42,399070016
^JKMNC36,6/6/2014,254.86,256.56,254.74,255.34,494200000
^JKMNC36,6/9/2014,256.00,256.09,251.19,251.47,561449984
^JKMNC36,6/10/2014,252.26,255.82,252.26,255.82,498820000
^JKMNC36,6/11/2014,255.75,256.58,255.00,256.55,616430016
^JKMNC36,6/12/2014,255.81,256.06,253.29,254.03,666849984
^JKMNC36,6/13/2014,253.73,254.68,253.17,254.01,486009984
^JKMNC36,6/16/2014,253.48,254.11,251.63,251.98,432849984
^JKMNC36,6/17/2014,252.63,253.80,251.54,253.80,408390016
^JKMNC36,6/18/2014,253.82,253.84,251.98,252.39,457630016
^JKMNC36,6/19/2014,253.12,253.38,250.21,250.69,519630016
^JKMNC36,6/20/2014,251.75,252.29,250.26,250.26,465980000
^JKMNC36,6/23/2014,250.90,251.35,249.70,249.80,561020032
^JKMNC36,6/24/2014,249.99,251.16,249.91,250.61,530249984
^JKMNC36,6/25/2014,250.08,251.26,249.02,249.59,515280000
^JKMNC36,6/26/2014,249.68,251.24,249.40,251.24,535620000
^JKMNC36,6/27/2014,250.71,251.10,248.28,249.23,421169984
^JKMNC36,6/30/2014,249.40,251.92,249.25,251.92,527990016
^JKMNC36,7/1/2014,252.01,252.97,250.76,252.97,386800000
^JKMNC36,7/2/2014,252.91,254.27,252.33,254.27,487390016
^JKMNC36,7/3/2014,253.92,254.03,252.17,252.17,585120000
^JKMNC36,7/4/2014,251.66,254.60,251.66,253.72,746990016
^JKMNC36,7/7/2014,254.72,260.30,254.51,260.30,1200000000
^JKMNC36,7/8/2014,262.03,265.37,261.96,264.21,1330000000
^JKMNC36,7/10/2014,271.61,275.31,268.10,269.46,2409999872
^JKMNC36,7/11/2014,267.74,267.95,263.47,266.03,799619968
^JKMNC36,7/14/2014,266.94,267.09,263.58,265.88,587950016
^JKMNC36,7/15/2014,266.83,269.83,266.71,269.83,750030016
^JKMNC36,7/16/2014,269.81,273.25,269.81,271.80,1110000000
^JKMNC36,7/17/2014,272.48,273.32,266.95,269.42,680809984
^JKMNC36,7/18/2014,267.18,272.19,266.91,270.94,577660032
^JKMNC36,7/21/2014,272.61,274.03,271.96,273.56,915649984
^JKMNC36,7/22/2014,274.62,275.19,265.69,270.67,1040000000
^JKMNC36,7/23/2014,272.42,274.00,270.37,270.83,827260032
^JKMNC36,7/24/2014,271.77,272.57,268.55,269.73,625790016
^JKMNC36,7/25/2014,270.13,270.59,266.37,267.78,758819968
^JKMNC36,8/4/2014,266.29,269.30,265.26,269.30,990369984
^JKMNC36,8/5/2014,269.23,269.64,267.35,268.48,866350016
^JKMNC36,8/6/2014,266.75,266.97,264.18,264.28,674230016
^JKMNC36,8/7/2014,263.57,265.16,262.95,265.08,735230016
^JKMNC36,8/8/2014,265.30,265.86,264.26,264.94,571049984
^JKMNC36,8/11/2014,267.46,269.58,267.11,269.58,609260032
^JKMNC36,8/12/2014,270.64,271.95,270.54,271.08,872780032
^JKMNC36,8/13/2014,271.06,272.65,270.39,272.65,670089984
^JKMNC36,8/14/2014,272.69,273.03,269.35,270.95,676280000
^JKMNC36,8/15/2014,270.75,271.13,269.79,269.87,460369984
^JKMNC36,8/18/2014,270.42,271.06,269.65,270.23,468209984
^JKMNC36,8/19/2014,271.36,271.92,270.34,270.60,657529984
^JKMNC36,8/20/2014,270.83,272.34,270.74,272.23,857840000
^JKMNC36,8/21/2014,272.53,273.26,270.23,273.26,719299968
^JKMNC36,8/22/2014,274.41,274.78,272.14,273.05,746689984
^JKMNC36,8/25/2014,272.78,273.68,271.72,272.84,531260000
^JKMNC36,8/26/2014,273.03,273.23,269.75,269.98,725310016
^JKMNC36,8/27/2014,270.35,271.84,270.23,271.70,585900032
^JKMNC36,8/28/2014,272.15,273.23,271.61,272.51,897329984
^JKMNC36,8/29/2014,272.20,272.69,269.02,269.02,575360000
^JKMNC36,9/1/2014,270.16,271.40,269.76,271.27,337750016
^JKMNC36,9/2/2014,271.21,272.75,271.21,272.49,491860000
^JKMNC36,9/3/2014,272.69,273.98,272.69,273.91,593489984
^JKMNC36,9/4/2014,273.65,274.71,272.24,272.73,660990016
^JKMNC36,9/5/2014,273.17,273.73,271.57,272.42,560289984
^JKMNC36,9/8/2014,273.92,275.09,273.78,274.04,671500032
^JKMNC36,9/9/2014,273.93,274.34,270.70,270.76,504120000
^JKMNC36,9/10/2014,270.39,270.50,268.24,269.28,633009984
^JKMNC36,9/11/2014,269.65,271.51,269.00,269.00,547600000
^JKMNC36,9/12/2014,269.05,269.63,268.13,268.60,628720000
^JKMNC36,9/15/2014,266.71,269.08,266.50,268.88,610849984
^JKMNC36,9/16/2014,269.46,269.89,267.63,268.16,531849984
^JKMNC36,9/17/2014,270.23,272.33,269.99,271.59,940870016
^JKMNC36,9/18/2014,272.19,273.93,271.51,273.37,697980032
^JKMNC36,9/19/2014,274.27,277.17,273.59,275.18,964019968
^JKMNC36,9/22/2014,274.80,275.51,274.23,275.29,436300000
^JKMNC36,9/23/2014,274.22,274.38,273.22,273.62,560419968
^JKMNC36,9/24/2014,273.82,274.53,272.36,272.36,431110016
^JKMNC36,9/25/2014,274.53,275.09,272.14,273.85,671779968
^JKMNC36,9/26/2014,269.40,269.57,267.49,269.50,864899968
^JKMNC36,9/29/2014,268.49,269.82,265.47,269.82,653070016
^JKMNC36,9/30/2014,268.23,270.68,267.53,269.53,733390016
^JKMNC36,10/1/2014,269.74,271.72,268.75,269.39,846259968
^JKMNC36,10/2/2014,266.99,267.58,261.35,261.71,953260032
^JKMNC36,10/3/2014,262.24,263.21,258.15,258.82,840870016
^JKMNC36,10/6/2014,261.41,263.02,258.48,262.65,517910016
^JKMNC36,10/7/2014,263.75,265.64,262.62,264.08,733310016
^JKMNC36,10/8/2014,262.03,262.23,258.95,258.95,654200000
^JKMNC36,10/9/2014,261.33,262.73,261.08,261.22,736520000
^JKMNC36,10/10/2014,257.93,260.88,257.40,260.34,652440000
^JKMNC36,10/13/2014,258.69,260.36,257.86,258.69,520620000
^JKMNC36,10/14/2014,258.02,260.92,257.90,260.00,543569984
^JKMNC36,10/15/2014,261.89,265.43,261.30,264.96,793809984
^JKMNC36,10/16/2014,262.87,266.13,262.25,263.90,761820032
^JKMNC36,10/17/2014,264.12,271.62,264.12,269.90,1360000000
^JKMNC36,10/20/2014,272.76,274.68,270.31,270.31,1160000000
^JKMNC36,10/21/2014,271.16,271.63,268.52,269.56,640070016
^JKMNC36,10/22/2014,271.50,272.31,271.14,271.97,820550016
^JKMNC36,10/23/2014,271.97,273.12,271.40,272.33,575699968
^JKMNC36,10/24/2014,271.23,271.85,269.21,270.36,460560000
^JKMNC36,10/27/2014,270.95,271.32,266.61,266.61,474950016
^JKMNC36,10/28/2014,266.35,266.55,263.94,264.28,609500032
^JKMNC36,10/29/2014,265.78,269.35,265.70,269.27,694840000
^JKMNC36,10/30/2014,269.79,269.87,267.55,268.56,494680000
^JKMNC36,10/31/2014,269.33,271.04,269.04,271.04,679649984
^JKMNC36,11/3/2014,272.01,272.10,269.87,271.63,543699776
^JKMNC36,11/4/2014,270.95,272.10,270.48,270.48,665669504
^JKMNC36,11/5/2014,270.88,271.44,269.25,270.44,584064192
^JKMNC36,11/6/2014,270.83,270.83,268.26,268.37,564746112
^JKMNC36,11/7/2014,268.33,268.77,264.70,265.14,787371776
^JKMNC36,11/10/2014,265.92,266.56,263.88,263.88,483915712
^JKMNC36,11/11/2014,264.20,269.74,264.17,268.88,683578624
^JKMNC36,11/12/2014,270.24,271.76,269.55,270.51,646398720
^JKMNC36,11/13/2014,270.22,271.01,269.25,270.84,482418496
^JKMNC36,11/14/2014,270.86,272.41,270.40,271.31,601157888
^JKMNC36,11/17/2014,270.43,273.37,270.36,271.94,735361472
^JKMNC36,11/18/2014,273.97,274.83,272.90,274.83,967328000
^JKMNC36,11/19/2014,275.67,277.15,275.51,276.21,1015766208
^JKMNC36,11/20/2014,275.96,276.05,272.71,274.29,870987072
^JKMNC36,11/21/2014,274.26,276.54,273.76,275.56,728349312
^JKMNC36,11/24/2014,277.31,278.76,276.65,277.95,742445504
^JKMNC36,11/25/2014,277.54,278.63,276.56,276.56,891612800
^JKMNC36,11/26/2014,277.08,278.30,276.23,277.88,607608576
^JKMNC36,11/27/2014,278.22,278.62,277.81,278.30,551892416
^JKMNC36,11/28/2014,277.80,278.50,277.02,278.22,665685888
^JKMNC36,12/1/2014,278.26,280.03,277.50,279.90,777394880
^JKMNC36,12/2/2014,280.24,281.97,280.24,280.94,814694016
^JKMNC36,12/3/2014,281.23,281.44,279.36,279.81,735609728
^JKMNC36,12/4/2014,280.50,281.97,279.23,279.98,814556672
^JKMNC36,12/5/2014,280.66,281.57,280.46,280.71,481142784
^JKMNC36,12/8/2014,281.44,281.93,276.89,277.66,617750592
^JKMNC36,12/9/2014,276.80,277.65,276.35,276.65,636246272
^JKMNC36,12/10/2014,276.57,280.10,276.57,279.65,725073024
^JKMNC36,12/11/2014,277.74,280.13,277.63,278.74,636209088
^JKMNC36,12/12/2014,278.61,281.04,278.51,279.60,696860992
^JKMNC36,12/15/2014,276.35,277.45,275.67,276.40,731479168
^JKMNC36,12/16/2014,273.22,273.22,270.42,271.31,1199848320
^JKMNC36,12/17/2014,271.98,274.09,270.89,272.27,876926080
^JKMNC36,12/18/2014,275.54,277.75,275.12,277.75,784727616
^JKMNC36,12/19/2014,279.73,281.07,278.60,279.35,929183104
^JKMNC36,12/22/2014,280.80,280.97,278.51,278.51,594659968
^JKMNC36,12/23/2014,279.71,280.69,279.47,279.76,564460032
^JKMNC36,12/24/2014,279.88,281.61,279.85,280.82,494287616
^JKMNC36,12/29/2014,280.89,282.15,280.62,281.34,623739584
^JKMNC36,12/30/2014,281.18,283.28,281.18,283.28,717446528
^JKMNC36,1/2/2015,283.87,284.98,283.60,284.78,565458176
^JKMNC36,1/5/2015,283.79,284.10,282.38,283.47,705595584
^JKMNC36,1/6/2015,280.84,282.10,280.37,280.37,687708608
^JKMNC36,1/7/2015,280.88,283.38,280.87,283.20,742951296
^JKMNC36,1/8/2015,284.05,284.64,283.36,283.36,848353728
^JKMNC36,1/9/2015,284.77,285.34,283.09,283.44,915938880
^JKMNC36,1/12/2015,282.16,283.41,280.67,280.73,602494208
^JKMNC36,1/13/2015,281.74,282.82,281.39,282.34,1193300352
^JKMNC36,1/14/2015,282.64,282.87,279.08,279.08,986986176
^JKMNC36,1/15/2015,280.92,281.50,279.75,281.21,1002468096
^JKMNC36,1/16/2015,280.78,282.43,278.50,278.88,775845120
^JKMNC36,1/19/2015,279.34,280.31,278.09,279.08,1082397440
^JKMNC36,1/20/2015,279.36,280.08,277.32,280.08,964468224
^JKMNC36,1/21/2015,280.86,283.97,279.99,283.97,826376832
^JKMNC36,1/22/2015,284.10,286.84,284.10,286.39,1447451904
^JKMNC36,1/23/2015,288.59,291.19,288.59,291.19,1713465856
^JKMNC36,1/26/2015,289.49,289.90,282.93,286.84,1334007552
^JKMNC36,1/27/2015,286.54,287.74,285.24,287.74,1007653312
^JKMNC36,1/28/2015,287.08,287.48,286.25,286.43,758410176
^JKMNC36,1/29/2015,287.08,287.48,286.25,286.43,1019383680
^JKMNC36,1/30/2015,287.57,287.95,286.51,286.78,946820992
^JKMNC36,2/2/2015,285.82,286.89,285.17,286.23,763247104
^JKMNC36,2/3/2015,287.00,288.28,286.89,287.66,989152576
^JKMNC36,2/4/2015,289.49,291.64,288.56,289.90,1453618944
^JKMNC36,2/5/2015,289.48,289.60,285.07,286.65,995910912
^JKMNC36,2/6/2015,288.13,290.75,287.90,290.54,973497920
^JKMNC36,2/9/2015,290.48,293.62,290.14,291.71,728684672
^JKMNC36,2/10/2015,292.07,292.77,289.19,289.65,632348928
^JKMNC36,2/11/2015,290.94,291.96,290.29,291.59,705169984
^JKMNC36,2/12/2015,292.16,292.47,290.86,292.47,827208320
^JKMNC36,2/13/2015,294.18,295.47,293.86,295.33,885792896
^JKMNC36,2/16/2015,295.70,295.96,291.67,291.67,838028224
^JKMNC36,2/17/2015,291.66,292.94,291.65,292.36,563318208
^JKMNC36,2/18/2015,295.82,298.40,294.77,295.52,1448600960
^JKMNC36,2/20/2015,296.13,298.14,295.65,295.65,826827072
^JKMNC36,2/23/2015,296.46,296.61,295.08,296.14,830980416
^JKMNC36,2/24/2015,295.89,297.72,295.80,297.12,803776320
^JKMNC36,2/25/2015,297.94,299.28,297.66,299.28,725568576
^JKMNC36,2/26/2015,298.57,299.59,297.95,299.35,839611520
^JKMNC36,2/27/2015,299.36,299.53,297.38,297.38,851800896
^JKMNC36,3/2/2015,297.34,299.20,297.34,299.17,914389376
^JKMNC36,3/3/2015,299.41,300.67,299.03,299.04,769225792
^JKMNC36,3/4/2015,299.29,299.92,297.02,297.28,714275904
^JKMNC36,3/5/2015,298.00,299.29,297.30,297.30,725442176
^JKMNC36,3/6/2015,298.61,301.92,298.09,301.92,992339328
^JKMNC36,3/9/2015,299.35,299.43,296.37,297.74,790228480
^JKMNC36,3/10/2015,297.18,299.55,295.04,298.56,858682880
^JKMNC36,3/11/2015,296.66,297.49,295.40,296.20,1213731840
^JKMNC36,3/12/2015,296.11,298.56,296.03,297.36,700823168
^JKMNC36,3/13/2015,298.82,298.96,295.94,296.41,716871424
^JKMNC36,3/16/2015,295.68,298.78,295.68,297.71,579612928
^JKMNC36,3/17/2015,299.18,299.62,297.23,297.42,906391488
^JKMNC36,3/18/2015,296.48,297.06,295.74,295.74,870344896
^JKMNC36,3/19/2015,298.32,298.95,297.70,298.61,1135597184
^JKMNC36,3/20/2015,297.16,298.85,296.37,297.80,1152978688
^JKMNC36,3/23/2015,299.06,299.77,297.98,297.98,660418496
^JKMNC36,3/24/2015,298.29,299.11,297.49,297.87,733109376
^JKMNC36,3/25/2015,297.23,297.43,295.08,295.35,817147008
^JKMNC36,3/26/2015,293.60,296.28,292.90,293.48,930588800
^JKMNC36,3/27/2015,292.28,295.18,291.92,294.86,721207616
^JKMNC36,3/30/2015,296.54,299.73,296.02,297.73,780947904
^JKMNC36,3/31/2015,301.73,302.95,300.81,302.68,1125168256
^JKMNC36,4/1/2015,302.50,303.24,298.24,299.10,719312896
^JKMNC36,4/2/2015,300.17,301.01,297.03,298.48,691017088
^JKMNC36,4/6/2015,299.19,300.80,299.19,299.95,439648992
^JKMNC36,4/7/2015,301.76,302.73,301.52,302.22,705731712
^JKMNC36,4/8/2015,301.36,301.65,299.04,299.46,724648384
^JKMNC36,4/9/2015,300.02,300.40,298.85,300.40,536020416
^JKMNC36,4/10/2015,300.71,300.91,298.21,299.46,569716672
^JKMNC36,4/13/2015,298.51,299.08,297.11,298.45,670254976
^JKMNC36,4/14/2015,297.82,298.05,294.66,295.78,707535616
^JKMNC36,4/15/2015,296.33,296.44,294.14,295.78,662535872
^JKMNC36,4/16/2015,296.41,296.66,294.57,295.78,693035776
^JKMNC36,4/17/2015,295.59,296.24,294.90,294.90,680981696
^JKMNC36,4/20/2015,294.51,295.07,293.37,294.75,615936384
^JKMNC36,4/21/2015,295.02,299.27,295.02,299.27,744267584
^JKMNC36,4/22/2015,298.70,299.50,297.62,298.17,606327616
^JKMNC36,4/23/2015,298.33,300.35,298.14,298.59,750045184
^JKMNC36,4/24/2015,299.85,300.78,298.10,298.78,714219904
^JKMNC36,4/27/2015,295.41,295.83,284.59,285.75,1191344256
^JKMNC36,4/28/2015,283.17,285.41,280.42,285.41,983468992
^JKMNC36,4/29/2015,285.01,285.08,270.01,275.73,1409466752
^JKMNC36,4/30/2015,274.25,278.89,270.09,273.14,1543721728
^JKMNC36,5/4/2015,273.30,280.58,273.23,278.71,988218176
^JKMNC36,5/5/2015,279.45,283.33,278.28,280.78,1002330880
^JKMNC36,5/6/2015,278.64,282.37,277.65,282.37,745540992
^JKMNC36,5/7/2015,280.39,282.48,279.25,279.88,955627200
^JKMNC36,5/8/2015,281.93,283.10,281.66,281.66,897308480
^JKMNC36,5/11/2015,283.12,283.79,281.34,281.34,583000704
^JKMNC36,5/12/2015,281.54,284.08,281.25,282.30,724448576
^JKMNC36,5/13/2015,283.10,285.16,281.60,284.45,1261178496
^JKMNC36,5/15/2015,284.90,285.57,282.45,283.55,913909888
^JKMNC36,5/18/2015,283.00,284.90,282.98,284.90,774113280
^JKMNC36,5/19/2015,284.58,287.03,283.16,286.39,795993920
^JKMNC36,5/20/2015,287.59,289.48,287.03,288.20,807345408
^JKMNC36,5/21/2015,289.24,292.60,287.63,290.43,808741824
^JKMNC36,5/22/2015,291.24,291.64,289.25,290.83,571472512
^JKMNC36,5/25/2015,289.86,290.00,288.58,289.10,453104096
^JKMNC36,5/26/2015,288.43,293.12,288.42,291.22,605342912
^JKMNC36,5/27/2015,289.56,290.84,286.37,286.37,631603008
^JKMNC36,5/28/2015,287.30,287.94,285.24,285.98,663532288
^JKMNC36,5/29/2015,285.31,286.91,284.17,284.61,1501205760
^JKMNC36,6/1/2015,282.30,283.88,282.00,283.88,444691296
^JKMNC36,6/3/2015,283.20,283.22,277.49,278.10,836989568
^JKMNC36,6/4/2015,277.52,278.39,275.51,275.51,614652416
^JKMNC36,6/5/2015,274.02,276.20,273.90,276.11,542200896
^JKMNC36,6/8/2015,275.64,275.64,269.65,270.72,653622208
^JKMNC36,6/9/2015,269.31,269.31,260.16,262.32,950484800
^JKMNC36,6/10/2015,263.18,268.02,263.18,265.00,828843712
^JKMNC36,6/11/2015,267.44,267.92,262.42,263.27,582180416
^JKMNC36,6/12/2015,263.26,264.46,262.62,263.84,540182016
^JKMNC36,6/15/2015,262.93,262.93,257.66,257.66,495671808
^JKMNC36,6/16/2015,258.17,262.17,257.05,260.57,674264000
^JKMNC36,6/17/2015,262.71,267.20,262.71,266.27,766010304
^JKMNC36,6/18/2015,266.45,267.30,265.25,266.26,589476288
^JKMNC36,6/19/2015,267.57,269.27,267.57,268.13,552146688
^JKMNC36,6/22/2015,268.70,268.86,266.48,266.80,462746496
^JKMNC36,6/23/2015,267.39,267.68,265.42,265.42,485322112
^JKMNC36,6/24/2015,266.68,267.89,265.15,265.81,867893696
^JKMNC36,6/25/2015,265.72,266.14,263.98,263.98,840868224
^JKMNC36,6/26/2015,263.89,266.09,261.96,264.49,549877504
^JKMNC36,6/29/2015,261.76,262.31,260.31,261.62,522517408
^JKMNC36,6/30/2015,261.96,265.01,261.08,262.25,713833408
^JKMNC36,7/1/2015,263.01,264.33,262.32,262.32,505012992
^JKMNC36,7/2/2015,262.85,267.48,262.70,266.49,734690624
^JKMNC36,7/3/2015,266.33,269.15,265.65,269.11,644556992
^JKMNC36,7/6/2015,266.01,267.67,264.47,264.73,602619200
^JKMNC36,7/7/2015,265.26,265.56,263.15,263.79,535776512
^JKMNC36,7/8/2015,264.59,264.64,261.68,262.21,766035904
^JKMNC36,7/9/2015,260.48,261.13,258.71,260.48,531046400
^JKMNC36,7/10/2015,262.18,263.38,261.21,262.39,745747584
^JKMNC36,7/13/2015,262.40,264.68,262.20,264.56,554280704
^JKMNC36,7/14/2015,265.38,266.91,264.21,264.76,532251296
^JKMNC36,7/15/2015,264.59,264.73,261.43,262.36,450809984
^JKMNC36,7/22/2015,263.83,265.55,261.91,265.55,766611392
^JKMNC36,7/23/2015,265.23,266.35,264.48,264.91,461654496
^JKMNC36,7/24/2015,264.39,264.39,261.72,262.14,402351488
^JKMNC36,7/27/2015,260.42,261.58,256.39,256.39,514798496
^JKMNC36,7/28/2015,254.37,254.37,251.99,252.20,619184512
^JKMNC36,7/29/2015,253.99,254.98,251.38,251.51,582929600
^JKMNC36,7/30/2015,252.91,253.49,249.21,249.21,609329984
^JKMNC36,7/31/2015,250.05,255.93,250.05,255.90,806723904
^JKMNC36,8/3/2015,254.57,257.07,254.18,256.43,559921600
^JKMNC36,8/4/2015,255.29,256.69,254.61,255.07,513185600
^JKMNC36,8/5/2015,254.97,260.77,254.97,260.77,676245888
^JKMNC36,8/6/2015,261.02,262.44,258.73,258.73,638774720
^JKMNC36,8/7/2015,258.18,258.36,256.63,257.03,404006208
^JKMNC36,8/10/2015,256.39,256.47,253.66,256.30,378426496
^JKMNC36,8/11/2015,257.68,257.83,248.43,248.69,612159296
^JKMNC36,8/12/2015,244.40,244.40,238.20,239.59,937253632
^JKMNC36,8/13/2015,240.11,247.64,240.11,245.80,827800320
^JKMNC36,8/14/2015,246.24,246.67,244.39,245.98,566064576
^JKMNC36,8/18/2015,245.25,245.25,241.24,241.24,622789376
^JKMNC36,8/19/2015,240.90,242.51,238.97,239.76,494658304
^JKMNC36,8/20/2015,239.15,239.15,235.70,236.48,592423424
^JKMNC36,8/21/2015,233.17,233.34,230.20,230.20,665064512
^JKMNC36,8/24/2015,221.89,222.48,217.02,220.57,838702400
^JKMNC36,8/25/2015,222.66,230.71,222.51,226.50,964374208
^JKMNC36,8/26/2015,223.85,228.47,222.23,227.93,901066688
^JKMNC36,8/27/2015,232.70,243.16,232.70,242.70,1085298944
^JKMNC36,8/28/2015,246.83,248.04,243.25,243.91,854116800
^JKMNC36,8/31/2015,243.60,247.84,243.40,247.60,788094400
^JKMNC36,9/1/2015,244.78,245.24,239.99,240.59,475462016
^JKMNC36,9/2/2015,236.48,239.69,235.77,237.96,657500608
^JKMNC36,9/3/2015,240.34,240.79,237.99,239.28,553413120
^JKMNC36,9/4/2015,239.03,239.27,237.66,238.17,476157184
^JKMNC36,9/7/2015,236.96,236.96,231.27,231.68,529785696
^JKMNC36,9/8/2015,230.63,233.38,229.75,232.85,672843328
^JKMNC36,9/9/2015,235.35,236.17,232.99,234.11,931616896
^JKMNC36,9/10/2015,231.65,234.20,230.24,233.99,673837312
^JKMNC36,9/11/2015,235.66,236.37,234.99,235.02,500139392
^JKMNC36,9/14/2015,235.61,237.55,235.32,237.55,478853312
^JKMNC36,9/15/2015,236.06,236.06,233.40,234.09,455451200
^JKMNC36,9/16/2015,235.03,235.63,232.26,232.76,546416000
^JKMNC36,9/17/2015,233.66,236.96,233.32,236.76,755059392
^JKMNC36,9/18/2015,237.54,238.27,234.66,236.48,957301312
^JKMNC36,9/21/2015,234.20,235.89,233.63,235.41,427600000
^JKMNC36,9/22/2015,235.44,236.05,232.58,233.09,473491808
^JKMNC36,9/23/2015,230.23,230.23,225.93,226.12,609903232
^JKMNC36,9/25/2015,226.29,226.52,221.56,222.85,805125184
^JKMNC36,9/28/2015,221.92,221.92,217.61,217.61,580001408
^JKMNC36,9/29/2015,213.90,223.55,211.98,223.55,744123200
^JKMNC36,9/30/2015,224.49,227.66,222.82,226.77,792414400
^JKMNC36,10/1/2015,227.33,230.80,227.03,229.18,727853568
^JKMNC36,10/2/2015,228.42,229.66,225.58,225.58,540932800
^JKMNC36,10/5/2015,228.38,237.16,228.38,236.68,941424576
^JKMNC36,10/6/2015,240.01,244.71,240.01,243.29,1312191232
^JKMNC36,10/7/2015,244.66,245.89,239.91,244.10,1176166144
^JKMNC36,10/8/2015,244.89,246.96,244.28,244.34,862514688
^JKMNC36,10/9/2015,248.36,251.22,248.35,249.49,1194769408
^JKMNC36,10/12/2015,250.21,253.27,250.21,252.11,857979904
^JKMNC36,10/13/2015,251.33,251.33,242.70,242.70,885617984
^JKMNC36,10/15/2015,245.38,247.65,244.19,244.19,678366912
^JKMNC36,10/16/2015,246.07,246.65,243.36,245.09,608916096
^JKMNC36,10/19/2015,246.25,249.22,245.96,249.13,663331328
^JKMNC36,10/20/2015,248.93,252.54,248.54,251.06,791819584
^JKMNC36,10/21/2015,252.17,255.65,252.17,253.07,759373376
^JKMNC36,10/22/2015,253.79,254.47,252.69,252.79,639830528
^JKMNC36,10/23/2015,258.83,258.86,255.38,257.79,993913088
^JKMNC36,10/26/2015,260.29,260.98,259.87,260.52,655663232
^JKMNC36,10/27/2015,258.60,259.58,255.91,259.58,600391104
^JKMNC36,10/28/2015,257.17,257.99,254.57,255.29,555945984
^JKMNC36,10/29/2015,254.84,255.21,246.03,246.35,717195072
^JKMNC36,10/30/2015,245.53,246.67,243.40,243.40,716020928
^JKMNC36,11/2/2015,242.44,244.89,241.10,244.61,643207168
^JKMNC36,11/3/2015,247.58,250.43,246.82,249.55,853781120
^JKMNC36,11/4/2015,251.59,254.73,251.59,254.52,657906688
^JKMNC36,11/5/2015,253.49,254.68,251.60,252.09,472934912
^JKMNC36,11/6/2015,253.08,254.20,251.53,251.82,481211488
^JKMNC36,11/9/2015,250.59,250.78,246.77,247.33,478771200
^JKMNC36,11/10/2015,244.48,248.51,243.38,243.38,728194496
^JKMNC36,11/11/2015,243.25,245.01,242.15,244.08,557155072
^JKMNC36,11/12/2015,244.49,247.51,244.49,244.70,569569600
^JKMNC36,11/13/2015,243.00,247.77,242.90,246.76,476689600
^JKMNC36,11/16/2015,243.96,245.99,241.87,244.94,511216800
^JKMNC36,11/17/2015,247.41,250.96,247.41,249.26,545733312
^JKMNC36,11/18/2015,250.59,250.92,249.06,249.76,447407712
^JKMNC36,11/19/2015,251.24,251.77,249.61,250.07,595509696
^JKMNC36,11/20/2015,249.03,252.92,248.89,252.92,558973312
^JKMNC36,11/23/2015,253.64,254.90,251.24,251.24,485970688
^JKMNC36,11/24/2015,250.62,251.97,250.62,251.13,456721888
^JKMNC36,11/25/2015,252.35,254.28,252.23,254.23,545321280
^JKMNC36,11/26/2015,255.17,257.17,254.38,255.43,622784704
^JKMNC36,11/27/2015,255.61,256.27,251.61,253.28,447222208
^JKMNC36,11/30/2015,250.88,251.51,243.66,243.66,1357157760
^JKMNC36,12/1/2015,248.37,253.34,248.37,253.34,709310016
^JKMNC36,12/2/2015,253.40,253.92,252.32,252.78,554589376
^JKMNC36,12/3/2015,251.14,253.76,250.94,252.75,477525408
^JKMNC36,12/4/2015,250.96,252.57,250.52,251.62,566277120
^JKMNC36,12/7/2015,252.94,255.00,252.94,252.98,509479904
^JKMNC36,12/8/2015,250.89,252.85,249.20,249.20,596576384
^JKMNC36,12/10/2015,247.37,249.70,247.27,249.52,768602368
^JKMNC36,12/11/2015,250.12,250.12,245.07,245.07,551673728
^JKMNC36,12/14/2015,242.61,244.58,240.52,244.58,536283200
^JKMNC36,12/15/2015,244.30,246.21,243.71,246.21,529194592
^JKMNC36,12/16/2015,249.76,251.71,247.54,251.71,625434816
^JKMNC36,12/17/2015,256.59,257.19,254.64,257.19,729058816
^JKMNC36,12/18/2015,253.18,253.64,251.10,251.10,569706176
^JKMNC36,12/21/2015,250.20,252.57,249.89,252.46,497764288
^JKMNC36,12/22/2015,252.61,253.74,251.66,253.65,522249984
^JKMNC36,12/23/2015,253.35,253.76,251.36,253.26,527614912
^JKMNC36,12/28/2015,252.32,256.58,252.32,255.45,532553792
^JKMNC36,12/29/2015,255.48,256.44,255.41,256.21,360512608
^JKMNC36,12/30/2015,256.66,259.09,256.57,257.81,660799808
^JKMNC36,1/4/2016,256.53,258.77,254.62,254.62,477606784
^JKMNC36,1/5/2016,254.81,259.61,254.81,256.93,644755520
^JKMNC36,1/6/2016,257.66,263.20,257.42,260.44,912536832
^JKMNC36,1/7/2016,257.41,257.98,255.90,255.90,586599808
^JKMNC36,1/8/2016,255.54,257.76,254.66,257.51,784244800
^JKMNC36,1/11/2016,254.89,255.42,252.08,252.34,543587712
^JKMNC36,1/12/2016,254.26,257.43,254.24,256.27,683841472
^JKMNC36,1/13/2016,258.33,259.60,257.61,257.89,1006898624
^JKMNC36,1/14/2016,254.07,257.26,252.27,256.04,1058139392
^JKMNC36,1/15/2016,256.71,257.74,255.15,255.15,575866880
^JKMNC36,1/18/2016,252.24,254.21,252.14,253.14,558534208
^JKMNC36,1/19/2016,253.91,255.12,252.37,254.51,526146400
^JKMNC36,1/20/2016,253.47,254.43,251.02,251.02,683782208
^JKMNC36,1/21/2016,252.85,253.52,249.69,250.04,720333120
^JKMNC36,1/22/2016,253.01,253.20,250.69,253.20,738469312
^JKMNC36,1/25/2016,255.62,256.97,254.16,255.37,652701120
^JKMNC36,1/26/2016,254.25,255.34,253.96,255.22,538651776
^JKMNC36,1/27/2016,256.45,259.12,255.59,259.12,594490688
^JKMNC36,1/28/2016,259.11,259.21,257.31,258.97,609632576
^JKMNC36,1/29/2016,259.57,260.55,256.98,260.36,1010620224
^JKMNC36,2/1/2016,260.72,261.18,257.04,260.22,750051776
^JKMNC36,2/2/2016,258.75,259.92,257.48,257.48,686930624
^JKMNC36,2/3/2016,255.40,258.67,255.17,258.55,540131200
^JKMNC36,2/4/2016,259.53,264.27,259.53,263.62,826836992
^JKMNC36,2/5/2016,264.63,274.29,264.63,274.29,1321367552
^JKMNC36,2/9/2016,270.93,272.15,268.59,270.87,568750912
^JKMNC36,2/10/2016,269.39,272.25,269.39,269.97,727628992
^JKMNC36,2/11/2016,269.46,274.23,269.46,273.17,1114758016
^JKMNC36,2/12/2016,271.38,272.49,267.93,268.23,859521088
^JKMNC36,2/15/2016,271.10,271.52,269.18,269.94,740083392
^JKMNC36,2/16/2016,269.91,271.73,269.33,270.29,637587584
^JKMNC36,2/17/2016,270.20,272.17,270.20,271.80,1017603712
^JKMNC36,2/18/2016,273.61,274.48,270.85,271.93,997427392
^JKMNC36,2/19/2016,268.45,268.78,264.65,266.09,1041435776
^JKMNC36,2/22/2016,265.80,266.37,264.03,265.63,631044480
^JKMNC36,2/23/2016,266.35,266.35,260.32,262.70,750360704
^JKMNC36,2/24/2016,262.14,263.60,259.79,262.61,671073088
^JKMNC36,2/25/2016,263.38,263.47,261.45,261.72,597326272
^JKMNC36,2/26/2016,264.32,267.47,263.77,267.09,639435008
^JKMNC36,2/29/2016,267.79,270.77,266.35,269.48,778562496
^JKMNC36,3/1/2016,269.20,270.52,268.91,269.73,667612608
^JKMNC36,3/2/2016,272.06,274.66,271.82,274.62,811889216
^JKMNC36,3/3/2016,275.95,276.94,273.46,275.29,743383808
^JKMNC36,3/4/2016,276.03,276.77,271.95,275.48,622441472
^JKMNC36,3/7/2016,276.43,277.10,273.62,274.46,629319872
^JKMNC36,3/8/2016,274.23,274.68,269.47,272.62,712992384
^JKMNC36,3/10/2016,271.45,272.45,269.20,272.45,856461888
^JKMNC36,3/11/2016,271.91,274.36,271.67,274.36,744132800
^JKMNC36,3/14/2016,275.82,278.43,275.45,278.10,799170816
^JKMNC36,3/15/2016,278.50,278.53,275.94,276.58,636460672
^JKMNC36,3/16/2016,276.24,276.71,275.17,276.71,622454976
^JKMNC36,3/17/2016,278.40,279.22,276.70,277.70,819811904
^JKMNC36,3/18/2016,278.45,279.73,276.94,278.63,1022608512
^JKMNC36,3/21/2016,277.99,280.55,277.72,278.95,633902016
^JKMNC36,3/22/2016,278.40,279.00,275.89,277.59,661637632
^JKMNC36,3/23/2016,277.13,277.13,274.20,275.79,687129216
^JKMNC36,3/24/2016,274.53,275.74,273.32,274.01,540058624
^JKMNC36,3/28/2016,273.10,273.37,269.81,270.64,431079712
^JKMNC36,3/29/2016,270.21,271.37,268.97,270.32,608840128
^JKMNC36,3/30/2016,271.48,274.45,271.48,273.36,1142149632
^JKMNC36,3/31/2016,274.46,275.62,273.12,275.62,909295424
^JKMNC36,4/1/2016,275.66,275.66,273.14,275.03,600229504
^JKMNC36,4/4/2016,275.57,276.92,275.23,276.43,563048320
^JKMNC36,4/5/2016,276.23,277.63,275.67,276.10,603816192
^JKMNC36,4/6/2016,276.29,276.76,275.90,275.90,460400000
^JKMNC36,4/7/2016,277.32,277.57,274.99,275.79,736170112
^JKMNC36,4/8/2016,273.69,275.11,272.99,273.92,598898688
^JKMNC36,4/11/2016,273.35,273.46,268.18,269.41,559748288
^JKMNC36,4/12/2016,269.61,272.65,268.83,272.65,540330496
^JKMNC36,4/13/2016,273.93,274.41,271.58,273.15,574887424
^JKMNC36,4/14/2016,274.35,274.35,270.35,270.35,603196416
^JKMNC36,4/15/2016,271.92,272.06,269.26,272.06,649774912
^JKMNC36,4/18/2016,271.65,274.33,270.60,273.98,655452608
^JKMNC36,4/19/2016,276.63,276.97,275.00,276.17,902888512
^JKMNC36,4/20/2016,276.99,277.10,275.37,276.80,869966528
^JKMNC36,4/21/2016,277.54,279.36,277.41,278.60,641021888
^JKMNC36,4/22/2016,278.39,280.63,277.93,279.67,544973504
^JKMNC36,4/25/2016,279.86,279.90,275.95,277.32,565834176
^JKMNC36,4/26/2016,276.37,276.37,271.38,272.73,729654976
^JKMNC36,4/27/2016,271.36,273.02,270.68,272.70,569006784
^JKMNC36,4/28/2016,273.65,274.42,270.86,272.54,614001984
^JKMNC36,4/29/2016,270.93,271.30,269.95,270.68,598123392
^JKMNC36,5/2/2016,269.98,270.49,266.70,269.20,489093184
^JKMNC36,5/3/2016,270.11,271.39,269.48,270.08,686520192
^JKMNC36,5/4/2016,269.75,271.19,267.06,271.19,675147776
^JKMNC36,5/9/2016,270.46,271.38,266.94,266.94,765989120
^JKMNC36,5/10/2016,267.43,268.73,266.36,268.73,600982592
^JKMNC36,5/11/2016,270.04,271.60,268.90,270.59,630715904
^JKMNC36,5/12/2016,270.41,272.16,269.70,270.01,534473984
^JKMNC36,5/13/2016,269.86,270.08,265.30,266.81,639440896
^JKMNC36,5/16/2016,265.85,266.20,263.41,264.51,590469184
^JKMNC36,5/17/2016,264.84,265.26,263.52,264.27,536784608
^JKMNC36,5/18/2016,263.59,265.23,263.05,264.35,673997568
^JKMNC36,5/19/2016,264.28,264.56,261.98,263.11,742878528
^JKMNC36,5/20/2016,262.73,264.17,261.62,263.28,667688704
^JKMNC36,5/23/2016,263.57,265.75,263.57,265.75,437991488
^JKMNC36,5/24/2016,265.34,266.44,263.99,263.99,878491200
^JKMNC36,5/25/2016,266.09,268.47,266.06,268.47,702539904
^JKMNC36,5/26/2016,269.08,269.21,267.32,269.02,544515584
^JKMNC36,5/27/2016,268.86,271.42,268.08,271.42,463263808
^JKMNC36,5/30/2016,271.78,273.56,271.52,272.36,495933696
^JKMNC36,5/31/2016,272.02,272.37,269.23,269.47,1176364544
^JKMNC36,6/1/2016,270.23,272.68,270.04,271.92,663426496
^JKMNC36,6/2/2016,271.20,272.82,270.99,270.99,734066112
^JKMNC36,6/3/2016,272.06,273.00,271.32,272.20,591230272
^JKMNC36,6/6/2016,272.93,275.62,272.58,275.62,620836096
^JKMNC36,6/7/2016,276.43,278.03,276.43,278.03,842086080
^JKMNC36,6/8/2016,277.27,278.21,274.48,276.58,755269120
^JKMNC36,6/9/2016,276.08,276.28,273.50,273.50,682494208
^JKMNC36,6/10/2016,274.11,274.12,271.29,271.29,464479904
^JKMNC36,6/13/2016,269.96,270.76,268.75,268.75,380680704
^JKMNC36,6/14/2016,268.07,269.99,267.66,269.99,428840704
^JKMNC36,6/15/2016,269.38,270.83,268.63,270.83,486979904
^JKMNC36,6/16/2016,271.16,271.54,269.29,270.18,571258880
^JKMNC36,6/17/2016,271.18,271.57,268.93,271.36,689335168
^JKMNC36,6/20/2016,272.77,272.77,269.93,272.44,489524896
^JKMNC36,6/21/2016,273.10,274.37,272.58,273.14,571410688
^JKMNC36,6/22/2016,273.35,275.45,273.35,274.97,798203072
^JKMNC36,6/23/2016,274.70,274.95,272.88,274.30,507634304
^JKMNC36,6/24/2016,274.34,274.81,266.97,271.68,817258112
^JKMNC36,6/27/2016,269.48,272.30,269.32,271.47,477418688
^JKMNC36,6/28/2016,271.47,276.28,271.46,275.71,891430528
^JKMNC36,6/29/2016,277.46,282.14,277.39,282.14,864286784
^JKMNC36,6/30/2016,283.24,284.97,282.74,284.16,941856384
^JKMNC36,7/1/2016,284.90,285.56,280.93,281.33,595004672
^JKMNC36,7/11/2016,284.50,289.84,284.50,288.50,1190929664
^JKMNC36,7/12/2016,290.66,292.64,288.70,290.41,998131072
^JKMNC36,7/13/2016,291.39,293.03,289.76,293.03,847409088
^JKMNC36,7/14/2016,292.23,292.34,288.76,288.76,914787008
^JKMNC36,7/15/2016,289.10,291.50,289.07,290.52,759540288
^JKMNC36,7/18/2016,289.63,290.76,288.42,290.23,615985216
^JKMNC36,7/19/2016,290.77,295.01,290.71,294.28,902955776
^JKMNC36,7/20/2016,294.82,297.61,294.82,297.61,726570496
^JKMNC36,7/21/2016,297.61,298.12,294.55,294.58,648812096
^JKMNC36,7/22/2016,294.22,294.25,291.33,292.80,488657600
^JKMNC36,7/25/2016,293.14,294.86,293.12,294.72,563463296
^JKMNC36,7/26/2016,294.71,295.59,293.22,294.84,607886784
^JKMNC36,7/27/2016,296.82,300.64,296.82,298.56,1000576192
^JKMNC36,7/28/2016,298.53,299.40,296.78,299.40,740316672
^JKMNC36,7/29/2016,299.51,302.13,295.50,295.50,880790400
^JKMNC36,8/1/2016,299.14,305.08,299.14,304.36,1114713088
^JKMNC36,8/2/2016,303.70,305.49,303.50,303.72,840880576
^JKMNC36,8/3/2016,303.64,304.09,301.34,302.17,776805184
^JKMNC36,8/4/2016,303.27,304.33,302.19,303.47,834382016
^JKMNC36,8/5/2016,304.25,307.69,304.25,307.60,919369728
^JKMNC36,8/8/2016,308.80,310.72,308.33,310.72,789553216
^JKMNC36,8/9/2016,310.66,311.72,309.02,309.85,879512192
^JKMNC36,8/10/2016,309.69,310.75,306.93,308.79,1400599808
^JKMNC36,8/11/2016,309.57,310.10,305.42,306.77,1028964672
^JKMNC36,8/12/2016,307.51,308.78,303.70,304.51,825951104
^JKMNC36,8/15/2016,305.10,305.33,299.82,301.48,723016832
^JKMNC36,8/16/2016,303.10,305.04,302.76,304.48,802292416
^JKMNC36,8/18/2016,305.69,310.48,305.69,309.46,1211298944
^JKMNC36,8/19/2016,310.11,310.11,305.86,305.86,829594624
^JKMNC36,8/22/2016,306.63,307.33,305.07,306.86,577274496
^JKMNC36,8/23/2016,307.86,307.86,301.90,306.22,798016512
^JKMNC36,8/24/2016,305.73,306.52,304.09,305.43,547063680
^JKMNC36,8/25/2016,306.15,308.70,306.07,308.70,743288000
^JKMNC36,8/26/2016,308.48,308.57,306.58,307.98,463144384
^JKMNC36,8/29/2016,306.82,306.84,302.08,303.24,600900096
^JKMNC36,8/30/2016,303.73,304.58,302.31,303.55,745314688
^JKMNC36,8/31/2016,302.92,306.47,302.87,305.85,908246592
^JKMNC36,9/1/2016,303.31,305.05,302.17,303.20,551929472
^JKMNC36,9/2/2016,302.43,304.57,302.35,304.16,504635392
^JKMNC36,9/5/2016,306.44,307.05,304.36,304.83,503539808
^JKMNC36,9/6/2016,305.30,306.34,304.02,306.34,663093184
^JKMNC36,9/7/2016,307.25,307.62,305.36,307.14,650712576
^JKMNC36,9/8/2016,307.16,307.21,305.35,305.65,624022592
^JKMNC36,9/9/2016,304.79,304.87,299.93,300.01,818906304
^JKMNC36,9/13/2016,298.67,299.35,296.30,297.02,720270016
^JKMNC36,9/14/2016,295.17,295.18,291.99,292.91,787255808
^JKMNC36,9/15/2016,294.18,301.51,293.70,301.03,777536768
^JKMNC36,9/16/2016,302.65,303.58,299.45,299.80,741031616
^JKMNC36,9/19/2016,301.76,304.73,301.51,303.76,545830720
^JKMNC36,9/20/2016,304.05,304.79,303.25,303.58,551442304
^JKMNC36,9/21/2016,302.90,306.95,301.57,306.06,576609408
^JKMNC36,9/22/2016,309.20,310.45,307.61,308.44,729870912
^JKMNC36,9/23/2016,308.52,309.17,306.97,309.17,601621504
^JKMNC36,9/26/2016,307.79,308.04,305.45,306.69,506857312
^JKMNC36,9/27/2016,304.95,311.42,302.51,311.42,670419520
^JKMNC36,9/28/2016,308.93,310.73,308.35,309.94,591809984
^JKMNC36,9/29/2016,311.33,313.66,311.23,311.41,694147392
^JKMNC36,9/30/2016,309.86,311.38,305.88,305.88,804677120
^JKMNC36,10/3/2016,309.21,312.15,309.21,312.15,522135808
^JKMNC36,10/4/2016,313.01,313.20,311.94,312.42,592919424
^JKMNC36,10/5/2016,311.12,311.58,308.55,309.48,974694720
^JKMNC36,10/6/2016,310.00,311.27,307.63,308.38,1086229120
^JKMNC36,10/7/2016,308.44,308.73,304.84,305.61,486283584
^JKMNC36,10/10/2016,305.33,306.92,304.20,304.67,411107296
^JKMNC36,10/11/2016,305.69,306.32,303.69,306.01,642678784
^JKMNC36,10/12/2016,304.89,305.98,303.79,305.27,477063104
^JKMNC36,10/13/2016,305.33,306.35,303.59,304.11,610233216
^JKMNC36,10/14/2016,304.27,308.95,303.52,307.98,979541824
^JKMNC36,10/17/2016,306.95,308.95,306.52,307.63,643959680
^JKMNC36,10/18/2016,308.77,309.94,308.65,309.23,709780224
^JKMNC36,10/19/2016,309.28,309.87,307.69,308.13,926920128
^JKMNC36,10/20/2016,308.06,308.77,307.12,307.39,1272902144
^JKMNC36,10/21/2016,308.20,308.48,307.15,307.98,708875904
^JKMNC36,10/24/2016,308.33,309.44,307.88,307.89,535258112
^JKMNC36,10/25/2016,308.11,308.55,306.22,306.22,585537984
^JKMNC36,10/26/2016,305.27,306.46,304.84,305.97,805177408
^JKMNC36,10/27/2016,306.50,307.83,306.21,307.82,552034432
^JKMNC36,10/28/2016,307.38,308.17,306.81,307.29,1000804800
^JKMNC36,10/31/2016,307.56,308.77,307.01,308.05,705297472
^JKMNC36,11/1/2016,308.54,309.34,306.87,306.87,1454502656
^JKMNC36,11/2/2016,306.68,307.42,306.05,306.72,1748744832
^JKMNC36,11/3/2016,306.59,306.79,302.36,302.36,1907277568
^JKMNC36,11/4/2016,301.02,304.99,300.42,304.99,1674650624
^JKMNC36,11/7/2016,303.82,306.16,302.83,304.95,1566184320
^JKMNC36,11/8/2016,306.40,311.96,306.40,311.45,2051766144
^JKMNC36,11/9/2016,311.54,312.63,303.30,306.06,2503382784
^JKMNC36,11/10/2016,308.31,310.27,308.13,309.05,2055637248
^JKMNC36,11/11/2016,303.18,303.19,294.22,294.22,2787857664
^JKMNC36,11/14/2016,290.17,290.17,279.77,283.67,2894237440
^JKMNC36,11/15/2016,285.03,289.16,282.59,282.88,2131902720
^JKMNC36,11/16/2016,285.77,292.07,285.76,291.11,2590987264
^JKMNC36,11/17/2016,290.49,292.76,289.44,292.04,1756410880
^JKMNC36,11/18/2016,292.58,292.58,289.28,290.60,1849867776
^JKMNC36,11/21/2016,289.68,290.20,287.88,288.58,2319647744
^JKMNC36,11/22/2016,287.71,291.22,287.52,291.22,1985945984
^JKMNC36,11/23/2016,290.85,291.36,289.89,291.01,2037720448
^JKMNC36,11/24/2016,288.67,289.89,283.59,284.07,2241610496
^JKMNC36,11/25/2016,283.06,284.67,282.44,283.42,2219293696
^JKMNC36,11/28/2016,282.76,283.49,281.11,281.54,2103180160
^JKMNC36,11/29/2016,281.23,284.80,281.04,282.99,2532349184
^JKMNC36,11/30/2016,283.71,287.54,283.61,286.14,4253551360
^JKMNC36,12/1/2016,286.81,290.36,286.81,288.43,2659371520
^JKMNC36,12/2/2016,288.23,292.19,288.23,291.40,2092663424
^JKMNC36,12/5/2016,290.71,294.26,290.71,292.77,1096160768
^JKMNC36,12/6/2016,293.33,295.10,292.95,293.36,1872201088
^JKMNC36,12/7/2016,293.07,293.20,290.18,292.64,1973211520
^JKMNC36,12/8/2016,292.67,296.05,292.14,296.05,1747476352
^JKMNC36,12/9/2016,295.86,296.14,294.04,296.14,1695532160
^JKMNC36,12/13/2016,295.05,297.39,294.82,297.39,1813354880
^JKMNC36,12/14/2016,296.87,298.44,295.25,295.54,1591842304
^JKMNC36,12/15/2016,292.27,295.41,291.34,294.43,2227024384
^JKMNC36,12/16/2016,294.41,294.57,292.86,292.93,2075699456
^JKMNC36,12/19/2016,292.47,293.76,290.35,290.38,1472413824
^JKMNC36,12/20/2016,289.54,290.46,287.27,288.67,1910412288
^JKMNC36,12/21/2016,290.38,291.43,285.87,285.87,1686779776
^JKMNC36,12/22/2016,285.02,285.91,281.38,282.27,1520395648
^JKMNC36,12/23/2016,281.64,284.95,280.27,281.22,1949787008
^JKMNC36,12/27/2016,281.00,285.98,280.52,285.71,1963757568
^JKMNC36,12/28/2016,287.49,292.40,287.49,291.18,1386003840
^JKMNC36,12/29/2016,291.68,299.22,291.68,298.51,1838810752
^JKMNC36,12/30/2016,298.99,301.54,298.36,298.82,2249898752
^JKMNC36,1/3/2017,298.26,299.33,295.59,298.97,1401696256
^JKMNC36,1/4/2017,298.34,301.99,297.48,300.52,1916437632
^JKMNC36,1/5/2017,301.22,302.29,300.54,300.97,1905280256
^JKMNC36,1/6/2017,300.65,301.98,300.20,301.71,1587708160
^JKMNC36,1/9/2017,301.60,302.32,298.14,298.93,1500761856
^JKMNC36,1/10/2017,299.56,299.70,297.77,299.20,1923426048
^JKMNC36,1/11/2017,299.40,300.12,298.22,298.22,1896676352
^JKMNC36,1/12/2017,298.41,299.74,298.21,298.70,1708578944
^JKMNC36,1/13/2017,298.41,299.53,297.10,297.50,1929222016
^JKMNC36,1/16/2017,297.50,298.25,296.32,296.32,1516224768
^JKMNC36,1/17/2017,296.18,298.04,296.17,296.77,1656560256
^JKMNC36,1/18/2017,297.10,298.76,296.97,298.48,2173404416
^JKMNC36,1/19/2017,298.78,299.33,298.09,299.02,1576144000
^JKMNC36,1/20/2017,297.87,298.10,293.90,294.57,1851320320
^JKMNC36,1/23/2017,294.21,295.37,293.10,294.00,2072001024
^JKMNC36,1/24/2017,295.15,296.85,295.15,295.77,1574345856
^JKMNC36,1/25/2017,296.84,297.32,295.14,295.42,2260635904
^JKMNC36,1/26/2017,296.73,299.17,296.17,298.24,2191362304
^JKMNC36,1/27/2017,297.03,298.87,296.57,298.15,1465455104
^JKMNC36,1/30/2017,299.10,299.89,298.03,298.24,1911541504
^JKMNC36,1/31/2017,299.10,299.50,297.39,297.39,2448075008
^JKMNC36,2/1/2017,299.11,301.18,298.98,300.20,2179863040
^JKMNC36,2/2/2017,300.09,301.23,299.51,301.23,2183161856
^JKMNC36,2/3/2017,300.84,301.76,300.58,301.50,2266888704
^JKMNC36,2/6/2017,302.17,303.43,302.00,303.38,1921495040
^JKMNC36,2/7/2017,302.60,303.88,302.60,302.82,2078731008
^JKMNC36,2/8/2017,302.81,303.02,301.26,302.50,2820795904
^JKMNC36,2/9/2017,302.95,303.93,302.47,303.24,1889027840
^JKMNC36,2/10/2017,303.54,304.36,302.06,302.06,2560153088
^JKMNC36,2/13/2017,304.28,305.67,303.63,305.56,2910863104
^JKMNC36,2/14/2017,304.83,304.88,302.84,303.45,2212381696
^JKMNC36,2/16/2017,304.39,304.39,302.08,303.63,2914328576
^JKMNC36,2/17/2017,303.40,303.63,301.44,302.21,2614987008
^JKMNC36,2/20/2017,302.70,303.17,301.77,302.52,1959742976
^JKMNC36,2/21/2017,303.00,303.58,301.54,302.09,2590624000
^JKMNC36,2/22/2017,302.37,303.36,301.71,303.26,2781897984
^JKMNC36,2/23/2017,302.57,304.11,302.57,303.75,2288672000
^JKMNC36,2/24/2017,303.55,305.34,303.34,304.78,2473307392
^JKMNC36,2/27/2017,305.21,305.52,303.48,304.09,2620896256
^JKMNC36,2/28/2017,304.25,304.79,303.86,304.28,2882374656
^JKMNC36,3/1/2017,303.93,303.93,302.37,302.89,2193608960
^JKMNC36,3/2/2017,304.44,305.62,303.22,303.22,2631318784
^JKMNC36,3/3/2017,303.19,304.01,302.67,303.01,2218611456
^JKMNC36,3/6/2017,303.29,303.87,302.40,303.87,2163347200
^JKMNC36,3/7/2017,304.07,304.38,302.02,303.43,2971172608
^JKMNC36,3/8/2017,303.31,303.87,302.30,302.49,2240427520
^JKMNC36,3/9/2017,303.33,305.08,302.66,305.08,1925642752
^JKMNC36,3/10/2017,306.21,306.21,303.23,304.79,2870309376
^JKMNC36,3/13/2017,305.26,305.31,303.83,305.05,2167664384
^JKMNC36,3/14/2017,305.81,308.23,305.81,307.47,2161224448
^JKMNC36,3/15/2017,307.55,309.23,307.02,308.37,3287310080
^JKMNC36,3/16/2017,310.86,314.08,310.42,313.92,2543348736
^JKMNC36,3/17/2017,316.17,317.42,312.55,315.77,2609499392
^JKMNC36,3/20/2017,316.67,317.14,314.17,315.45,2966613248
^JKMNC36,3/21/2017,315.72,316.53,314.36,315.59,2362178304
^JKMNC36,3/22/2017,313.62,316.00,312.09,316.00,3324828928
^JKMNC36,3/23/2017,315.86,319.15,315.45,318.53,3093035008
^JKMNC36,3/24/2017,319.10,319.40,315.87,316.97,2122878080
^JKMNC36,3/27/2017,316.96,317.18,313.27,314.08,2072548864
^JKMNC36,3/29/2017,315.07,317.52,315.07,317.42,3005212416
^JKMNC36,3/30/2017,317.29,317.58,315.30,317.56,2568654592
^JKMNC36,3/31/2017,318.11,318.93,316.27,316.27,2049788544
^JKMNC36,4/3/2017,316.41,319.58,316.34,317.80,2391341824
^JKMNC36,4/4/2017,318.03,321.10,318.03,320.91,2080458496
^JKMNC36,4/5/2017,322.36,323.20,321.17,322.75,2119984000
^JKMNC36,4/6/2017,322.44,322.98,321.14,322.98,2375021824
^JKMNC36,4/7/2017,322.70,322.70,320.57,320.96,1995856000
^JKMNC36,4/10/2017,321.85,322.80,318.87,319.57,2154210816
^JKMNC36,4/11/2017,320.16,320.88,318.20,318.93,2792478208
^JKMNC36,4/12/2017,319.47,320.49,318.91,319.66,2070881024
^JKMNC36,4/13/2017,321.19,321.23,317.66,317.74,2448627712
^JKMNC36,4/17/2017,317.96,317.96,313.33,313.33,2357841664
^JKMNC36,4/18/2017,315.28,317.57,315.22,316.26,1817677056
^JKMNC36,4/20/2017,316.31,318.08,315.89,316.40,1948871552
^JKMNC36,4/21/2017,316.96,322.61,316.96,322.61,2589349120
^JKMNC36,4/25/2017,325.35,325.35,322.63,324.82,1791356288
^JKMNC36,4/26/2017,325.59,327.68,323.77,327.68,1757658880
^JKMNC36,4/27/2017,325.45,326.65,325.06,325.86,2701336320
^JKMNC36,4/28/2017,326.98,327.39,325.52,325.52,1783767936
^JKMNC36,5/2/2017,327.08,327.89,325.86,326.76,1791423360
^JKMNC36,5/3/2017,327.07,327.37,324.64,324.64,1894190848
^JKMNC36,5/4/2017,325.28,327.90,325.28,327.90,891901824
^JKMNC36,5/5/2017,327.22,329.13,325.72,328.51,1102303360
^JKMNC36,5/8/2017,330.20,332.24,330.10,331.20,925585408
^JKMNC36,5/9/2017,333.70,335.14,329.72,329.72,843709504
^JKMNC36,5/10/2017,329.42,331.46,326.60,327.41,819208512
^JKMNC36,5/12/2017,330.43,331.52,328.34,329.15,800691584
^JKMNC36,5/15/2017,330.31,330.47,327.67,330.03,644807488
^JKMNC36,5/16/2017,329.80,330.04,325.35,325.35,804693504
^JKMNC36,5/17/2017,326.71,326.71,321.86,322.92,774833216
^JKMNC36,5/18/2017,319.67,325.43,319.25,324.92,874312832
^JKMNC36,5/19/2017,324.31,340.07,323.82,335.64,1113920000
^JKMNC36,5/22/2017,339.58,342.75,333.62,334.08,1016223296
^JKMNC36,5/23/2017,335.61,335.88,328.26,330.59,685635712
^JKMNC36,5/24/2017,327.24,329.49,327.01,328.64,540616128
^JKMNC36,5/26/2017,330.06,331.30,329.90,331.01,603370176
^JKMNC36,5/29/2017,331.37,331.68,329.29,330.09,411524000
^JKMNC36,5/30/2017,329.04,330.56,328.10,328.10,431556096
^JKMNC36,5/31/2017,328.17,329.88,328.15,329.18,1530832256
^JKMNC36,6/2/2017,330.96,331.72,329.50,331.70,760063232
^JKMNC36,6/5/2017,332.00,333.54,330.80,332.71,516779488
^JKMNC36,6/6/2017,331.63,332.50,328.97,329.30,586501312
^JKMNC36,6/7/2017,330.69,331.59,329.91,330.99,826867392
^JKMNC36,6/8/2017,330.95,331.53,329.14,329.14,569155584
^JKMNC36,6/9/2017,329.53,329.76,326.75,326.82,677875520
^JKMNC36,6/12/2017,326.24,330.43,326.16,328.94,382369312
^JKMNC36,6/13/2017,328.67,330.84,328.67,330.12,435026112
^JKMNC36,6/14/2017,330.17,335.68,330.17,335.68,709927808
^JKMNC36,6/15/2017,333.39,334.66,333.16,333.86,422632800
^JKMNC36,6/16/2017,333.13,335.38,330.58,330.58,968000576
^JKMNC36,6/19/2017,331.36,332.30,330.70,331.31,412050912
^JKMNC36,6/20/2017,331.56,335.86,331.56,335.38,504300896
^JKMNC36,6/21/2017,333.36,336.92,333.36,336.92,550288576
^JKMNC36,6/22/2017,337.73,337.73,335.62,337.35,531229088
^JKMNC36,7/3/2017,337.80,343.69,336.77,343.69,848580096
^JKMNC36,7/4/2017,341.77,342.57,339.74,339.97,686747392
^JKMNC36,7/5/2017,339.67,340.37,336.22,337.98,602277888
^JKMNC36,7/6/2017,337.13,340.06,337.13,339.32,552520192
^JKMNC36,7/7/2017,339.37,341.42,337.78,338.43,533722496
^JKMNC36,7/10/2017,338.43,339.06,335.56,335.67,464789888
^JKMNC36,7/11/2017,336.07,336.46,334.97,335.28,616439168
^JKMNC36,7/12/2017,334.87,338.86,334.87,338.12,696146432
^JKMNC36,7/13/2017,339.90,340.00,337.07,338.46,646024896
^JKMNC36,7/14/2017,338.21,338.51,336.02,337.69,480981696
^JKMNC36,7/17/2017,337.19,338.61,337.19,338.61,664528896
^JKMNC36,7/18/2017,337.40,337.98,336.49,337.98,727711808
^JKMNC36,7/19/2017,337.80,337.80,334.98,335.70,701251008
^JKMNC36,7/20/2017,336.27,336.89,335.71,336.32,663556096
^JKMNC36,7/21/2017,336.43,336.66,331.75,332.13,693745728
^JKMNC36,7/24/2017,331.77,335.48,330.44,335.48,905708224
^JKMNC36,7/25/2017,336.36,336.38,333.44,335.70,1011823488
^JKMNC36,7/26/2017,335.79,336.99,334.04,335.75,1131265024
^JKMNC36,7/27/2017,336.03,337.13,335.57,335.71,690140800
^JKMNC36,7/28/2017,335.76,336.46,334.66,336.12,1096667392
^JKMNC36,7/31/2017,335.06,336.79,334.50,335.48,933590016
^JKMNC36,8/1/2017,336.63,336.72,334.79,334.79,860410496
^JKMNC36,8/2/2017,335.61,335.83,333.76,334.77,795293504
^JKMNC36,8/3/2017,334.89,334.97,331.61,331.96,551306688
^JKMNC36,8/4/2017,331.91,332.31,330.32,331.40,629075072
^JKMNC36,8/7/2017,331.94,333.63,330.78,330.82,800220928
^JKMNC36,8/8/2017,331.54,333.93,331.37,333.93,786757376
^JKMNC36,8/9/2017,334.05,334.76,332.62,334.76,823699904
^JKMNC36,8/10/2017,335.23,335.53,333.43,334.24,569694272
^JKMNC36,8/11/2017,333.14,333.30,330.34,331.05,613889728
^JKMNC36,8/14/2017,332.18,333.69,332.11,333.05,505904096
^JKMNC36,8/15/2017,333.62,334.86,332.95,334.05,554369920
^JKMNC36,8/16/2017,334.37,336.90,334.37,336.90,494413696
^JKMNC36,8/18/2017,335.59,338.32,335.32,336.49,598888704
^JKMNC36,8/21/2017,336.58,336.83,334.79,336.12,495273504
^JKMNC36,8/22/2017,336.01,337.14,335.84,336.66,655299520
^JKMNC36,8/23/2017,334.39,336.90,334.37,336.90,576860992
^JKMNC36,8/24/2017,338.12,338.36,335.98,336.85,482660512
^JKMNC36,8/25/2017,337.77,338.89,336.98,338.61,466461184
^JKMNC36,8/28/2017,337.95,338.39,336.57,337.95,434329888
^JKMNC36,8/29/2017,337.10,337.14,334.56,335.42,594030784
^JKMNC36,8/30/2017,335.54,335.80,334.01,335.31,545034112
^JKMNC36,8/31/2017,334.74,335.61,333.79,334.11,597610496
^JKMNC36,9/4/2017,333.92,334.35,330.01,330.37,517285792
^JKMNC36,9/5/2017,331.28,331.37,327.55,330.90,675490624
^JKMNC36,9/6/2017,329.67,331.73,328.91,331.02,549599232
^JKMNC36,9/7/2017,330.76,331.80,330.02,331.30,580170688
^JKMNC36,9/8/2017,330.00,332.45,329.66,331.71,500296096
^JKMNC36,9/11/2017,332.65,333.33,331.92,332.46,719564480
^JKMNC36,9/12/2017,332.58,333.11,331.83,332.25,1340059520
^JKMNC36,9/13/2017,330.67,332.69,330.67,331.27,849211776
^JKMNC36,9/14/2017,331.14,332.35,330.54,331.67,1426311040
^JKMNC36,9/15/2017,331.04,333.11,330.40,332.18,1171675008
^JKMNC36,9/18/2017,332.76,333.23,331.30,333.23,875030208
^JKMNC36,9/19/2017,332.48,334.48,332.20,334.41,890915328
^JKMNC36,9/20/2017,334.28,334.79,332.92,334.56,796128512
^JKMNC36,9/22/2017,334.38,338.66,333.57,338.09,917850880
^JKMNC36,9/25/2017,337.78,338.53,336.61,337.55,605463808
^JKMNC36,9/26/2017,337.31,337.98,336.22,336.88,759614784
^JKMNC36,9/27/2017,337.56,337.56,334.66,335.47,740037824
^JKMNC36,9/28/2017,335.07,335.48,332.60,332.60,882046784
^JKMNC36,9/29/2017,333.92,337.88,333.33,336.86,972956096
^JKMNC36,10/2/2017,338.02,339.19,337.19,337.49,718192128
^JKMNC36,10/3/2017,337.87,340.28,336.38,339.14,937350912
^JKMNC36,10/4/2017,340.01,340.65,339.39,339.74,798222720
^JKMNC36,10/5/2017,340.30,340.32,336.67,337.64,820383680
^JKMNC36,10/6/2017,339.03,339.03,336.60,338.38,641513216
^JKMNC36,10/9/2017,338.23,338.76,337.50,337.96,593423424
^JKMNC36,10/10/2017,337.40,338.16,335.56,336.10,674361088
^JKMNC36,10/11/2017,335.67,336.10,331.98,334.77,921496512
^JKMNC36,10/12/2017,334.73,338.74,334.56,338.61,1115683840
^JKMNC36,10/13/2017,338.40,340.18,338.25,339.45,1141596672
^JKMNC36,10/16/2017,339.52,341.28,338.93,339.99,1384385152
^JKMNC36,10/17/2017,339.60,339.83,335.65,338.32,1043625600
^JKMNC36,10/18/2017,338.48,338.84,333.48,335.19,1017329984
^JKMNC36,10/19/2017,334.78,335.31,333.85,334.39,1230077568
^JKMNC36,10/20/2017,335.93,338.84,335.31,335.89,947363712
^JKMNC36,10/23/2017,337.41,340.47,337.33,338.22,903145472
^JKMNC36,10/24/2017,338.90,339.51,336.72,336.72,591936896
^JKMNC36,10/25/2017,337.07,338.60,335.61,338.60,1234459776
^JKMNC36,10/26/2017,337.81,340.47,337.33,338.92,1139404160
^JKMNC36,10/27/2017,339.09,340.05,336.44,336.75,808592768
^JKMNC36,10/30/2017,337.17,338.04,335.72,336.13,941148480
^JKMNC36,10/31/2017,339.27,339.62,337.19,337.98,796257024
^JKMNC36,11/1/2017,339.56,340.69,338.29,340.69,726240896
^JKMNC36,11/2/2017,341.79,346.26,341.28,343.39,737622592
^JKMNC36,11/3/2017,344.49,344.74,340.00,343.28,581646080
^JKMNC36,11/6/2017,343.38,346.43,342.98,345.14,711716608
^JKMNC36,11/7/2017,344.90,346.53,344.34,346.53,546416128
^JKMNC36,11/8/2017,345.39,347.53,344.12,345.37,761798272
^JKMNC36,11/9/2017,346.04,346.96,344.99,345.70,740849728
^JKMNC36,11/10/2017,345.76,347.07,343.83,343.99,617886976
^JKMNC36,11/13/2017,344.25,345.77,343.30,343.30,558105600
^JKMNC36,11/14/2017,343.16,344.57,340.20,340.20,926510208
^JKMNC36,11/15/2017,341.45,342.64,339.89,340.11,725675904
^JKMNC36,11/16/2017,341.02,345.58,341.02,344.32,910850624
^JKMNC36,11/17/2017,345.86,348.99,345.86,346.92,738953984
^JKMNC36,11/20/2017,347.99,349.82,346.67,346.67,690534208
^JKMNC36,11/21/2017,347.50,347.84,343.81,344.82,778287808
^JKMNC36,11/22/2017,345.74,349.67,345.63,349.45,829911424
^JKMNC36,11/23/2017,350.02,350.83,348.25,349.26,507040000
^JKMNC36,11/24/2017,348.67,349.87,347.30,349.87,544374912
^JKMNC36,11/27/2017,348.81,350.13,346.85,349.18,733583808
^JKMNC36,11/28/2017,348.67,349.15,345.68,349.15,984556032
^JKMNC36,11/29/2017,349.56,349.76,347.35,348.53,759589824
^JKMNC36,11/30/2017,340.70,348.45,348.82,340.70,2619886336
^JKMNC36,12/4/2017,346.42,347.69,344.37,344.99,1019999872
^JKMNC36,12/5/2017,347.03,347.42,344.70,346.35,853147072
^JKMNC36,12/6/2017,346.42,350.14,346.36,349.29,1027132608
^JKMNC36,12/7/2017,349.03,349.47,346.76,346.76,672688512
^JKMNC36,12/8/2017,348.06,349.11,347.73,347.93,611254592
^JKMNC36,12/11/2017,348.90,349.82,347.82,348.25,567205888
^JKMNC36,12/12/2017,349.22,349.23,346.97,348.00,828818624
^JKMNC36,12/13/2017,347.33,349.11,347.33,348.84,700631616
^JKMNC36,12/14/2017,349.39,352.01,348.75,352.01,859861504
^JKMNC36,12/15/2017,350.70,351.14,348.72,350.86,799603328
^JKMNC36,12/18/2017,349.63,351.15,347.84,351.15,617078784
^JKMNC36,12/19/2017,349.66,352.52,349.49,352.21,889475328
^JKMNC36,12/20/2017,351.92,351.99,347.17,348.18,785381504
^JKMNC36,12/21/2017,350.26,353.72,349.83,353.50,695764672
^JKMNC36,12/22/2017,354.02,356.63,352.71,356.63,732501376
^JKMNC36,12/27/2017,356.48,360.29,356.31,360.12,567572224
^JKMNC36,12/28/2017,360.64,362.88,359.93,362.88,809914112
^JKMNC36,12/29/2017,364.34,367.99,362.62,366.24,787388224
^JKMNC36,1/2/2018,366.28,370.09,362.52,363.13,650958272
^JKMNC36,1/3/2018,363.34,363.34,355.30,357.46,726512000
^JKMNC36,1/4/2018,358.02,359.98,355.92,359.98,857875968
^JKMNC36,1/5/2018,359.43,363.44,359.31,363.44,846793728
^JKMNC36,1/8/2018,363.64,365.95,363.49,365.95,1025026176
^JKMNC36,1/9/2018,366.83,367.01,363.35,364.79,1167053312
^JKMNC36,1/10/2018,365.86,367.31,363.86,365.23,1088059392
^JKMNC36,1/11/2018,365.71,366.59,363.58,366.59,891620288
^JKMNC36,1/12/2018,366.73,368.00,364.69,365.52,778985600
^JKMNC36,1/15/2018,366.29,367.30,365.92,367.07,687942208
^JKMNC36,1/16/2018,367.25,371.25,367.20,371.13,934177472
^JKMNC36,1/17/2018,371.19,371.36,369.15,369.63,1006175488
^JKMNC36,1/18/2018,370.91,371.63,368.74,370.35,869638016
^JKMNC36,1/19/2018,371.07,371.27,367.98,370.13,670929216
^JKMNC36,1/22/2018,370.91,372.45,370.15,371.13,915428480
^JKMNC36,1/23/2018,373.86,378.89,373.72,378.89,1033729088
^JKMNC36,1/24/2018,378.89,378.98,375.77,378.09,1369175040
^JKMNC36,1/25/2018,378.77,378.97,375.51,378.34,1324997120
^JKMNC36,1/26/2018,379.17,381.81,379.16,381.54,1183298176
^JKMNC36,1/29/2018,382.54,382.92,377.77,381.83,1168050688
^JKMNC36,1/30/2018,380.09,380.29,373.92,375.25,1397237760
^JKMNC36,1/31/2018,373.42,379.62,372.01,377.06,1253213568
^JKMNC36,2/1/2018,378.72,382.21,378.52,378.52,1150821888
^JKMNC36,2/2/2018,381.15,383.72,380.52,381.39,995461312
^JKMNC36,2/5/2018,375.56,381.42,373.98,379.81,838343680
^JKMNC36,2/6/2018,372.35,375.10,370.04,373.06,1444428160
^JKMNC36,2/7/2018,376.84,379.79,374.73,376.05,873675904
^JKMNC36,2/8/2018,376.43,377.92,375.08,377.40,802978624
^JKMNC36,2/9/2018,372.64,374.83,371.64,374.83,819098688
^JKMNC36,2/12/2018,375.43,375.95,373.90,374.94,665703168
^JKMNC36,2/13/2018,377.30,381.22,377.30,379.90,859301888
^JKMNC36,2/14/2018,380.80,381.75,378.69,380.25,655020416
^JKMNC36,2/15/2018,382.20,382.46,378.50,379.36,526193088
^JKMNC36,2/19/2018,381.27,385.95,381.08,385.95,763857216
^JKMNC36,2/20/2018,385.33,385.97,381.87,385.64,801963328
^JKMNC36,2/21/2018,384.23,385.45,382.14,383.95,918688128
^JKMNC36,2/22/2018,384.18,384.32,379.34,379.69,727339392
^JKMNC36,2/23/2018,381.07,383.96,381.07,382.57,747974080
^JKMNC36,2/26/2018,381.82,382.21,376.37,376.37,737542272
^JKMNC36,2/27/2018,377.78,378.45,376.00,378.28,830991424
^JKMNC36,2/28/2018,377.96,377.96,375.11,375.87,1033631424
^JKMNC36,3/1/2018,376.75,379.25,376.54,376.95,878991680
^JKMNC36,3/2/2018,375.56,375.90,373.06,375.39,678841728
^JKMNC36,3/5/2018,375.60,376.44,371.94,372.37,650570816
^JKMNC36,3/6/2018,374.89,375.51,368.08,369.08,677438272
^JKMNC36,3/7/2018,369.66,370.46,359.80,362.11,1115543168
^JKMNC36,3/8/2018,365.60,369.68,363.49,369.46,1053552000
^JKMNC36,3/9/2018,369.55,370.20,364.93,368.85,796384576
^JKMNC36,3/12/2018,370.97,373.19,370.72,373.19,914939392
^JKMNC36,3/13/2018,372.44,372.52,366.44,367.39,874615488
^JKMNC36,3/14/2018,366.52,367.04,363.01,364.00,655268288
^JKMNC36,3/15/2018,362.85,362.85,359.16,359.16,827262976
^JKMNC36,3/16/2018,359.90,360.14,353.00,357.65,1482185728
^JKMNC36,3/19/2018,358.85,359.47,356.39,358.22,731709504
^JKMNC36,3/20/2018,356.98,356.98,352.81,355.30,846819392
^JKMNC36,3/21/2018,356.82,359.74,356.67,359.55,892522176
^JKMNC36,3/22/2018,360.78,361.54,355.02,355.16,863504000
^JKMNC36,3/23/2018,346.38,352.91,343.66,352.91,798216000
^JKMNC36,3/26/2018,349.87,352.36,349.13,352.00,619483712
^JKMNC36,3/27/2018,356.04,357.04,350.76,352.23,701076672
^JKMNC36,3/28/2018,351.57,351.70,345.47,347.61,607654528
^JKMNC36,3/29/2018,347.81,350.06,344.10,350.06,808523200
^JKMNC36,4/2/2018,349.32,353.91,348.01,353.91,554255872
^JKMNC36,4/3/2018,351.13,353.94,350.61,353.29,611484096
^JKMNC36,4/4/2018,354.23,354.23,345.77,347.68,656409728
^JKMNC36,4/5/2018,351.34,352.08,348.31,348.66,616005888
^JKMNC36,4/6/2018,348.92,349.14,346.75,347.01,478971488
^JKMNC36,4/9/2018,348.48,352.50,348.00,352.50,643460480
^JKMNC36,4/10/2018,352.43,360.77,351.98,359.83,861255808
^JKMNC36,4/11/2018,362.29,364.17,362.26,362.55,954693376
^JKMNC36,4/12/2018,361.95,362.35,356.94,358.10,602601024
^JKMNC36,4/13/2018,359.69,360.40,355.04,355.04,496082688
^JKMNC36,4/16/2018,355.21,357.20,353.49,355.58,594358720
^JKMNC36,4/17/2018,356.25,357.45,353.75,355.84,556034688
^JKMNC36,4/18/2018,357.42,359.08,356.66,359.08,644515520
^JKMNC36,4/19/2018,358.95,360.44,357.93,360.44,934580416
^JKMNC36,4/20/2018,360.82,360.92,357.40,359.63,567260288
^JKMNC36,4/23/2018,358.51,358.87,356.51,357.19,715937280
^JKMNC36,4/24/2018,357.81,358.03,352.43,352.83,661087232
^JKMNC36,4/25/2018,352.08,352.14,340.14,340.51,866075392
^JKMNC36,4/26/2018,340.50,340.76,327.37,328.24,1312365824
^JKMNC36,4/27/2018,333.60,334.71,327.69,329.82,1053244416
^JKMNC36,4/30/2018,331.76,336.98,331.45,335.25,732463232
^JKMNC36,5/2/2018,335.72,338.15,334.03,338.15,952630976
^JKMNC36,5/3/2018,336.62,336.71,328.00,328.00,1130648064
^JKMNC36,5/4/2018,326.94,327.55,321.55,323.26,881506112
^JKMNC36,5/7/2018,325.51,330.50,324.24,330.50,928775872
^JKMNC36,5/8/2018,328.33,328.33,320.42,323.12,870141376
^JKMNC36,5/9/2018,320.15,335.77,319.83,334.73,1220394880
^JKMNC36,5/11/2018,336.06,342.54,336.06,337.10,1166850560
^JKMNC36,5/14/2018,335.29,337.12,330.05,337.12,825541504
^JKMNC36,5/15/2018,335.20,336.04,327.69,327.91,1073283776
^JKMNC36,5/16/2018,322.96,328.29,320.17,328.28,1300998016
^JKMNC36,5/17/2018,329.69,331.62,324.73,324.73,1044464768
^JKMNC36,5/18/2018,326.27,326.83,322.32,322.32,1038013888
^JKMNC36,5/21/2018,322.39,322.39,317.34,318.05,1263980544
^JKMNC36,5/22/2018,321.10,324.20,319.54,319.76,1038698880
^JKMNC36,5/23/2018,321.12,327.79,320.97,323.64,1236160256
^JKMNC36,5/24/2018,327.63,334.91,327.63,334.41,1265997312
^JKMNC36,5/25/2018,335.12,338.05,334.15,336.22,991151424
^JKMNC36,5/28/2018,336.42,344.67,336.23,343.33,1032886400
^JKMNC36,5/30/2018,340.71,345.69,338.63,339.08,1430673792
^JKMNC36,5/31/2018,341.92,342.39,333.67,336.08,2403002112
^JKMNC36,6/4/2018,337.84,340.26,337.55,338.86,1193191936
^JKMNC36,6/5/2018,340.35,343.73,339.17,343.73,1225063680
^JKMNC36,6/6/2018,343.26,343.82,341.40,342.06,1348800128
^JKMNC36,6/7/2018,343.94,345.06,342.87,344.71,1222226688
^JKMNC36,6/8/2018,342.90,343.45,334.86,335.30,1593515008
^JKMNC36,6/20/2018,331.40,331.40,323.84,327.73,1862286336
^JKMNC36,6/21/2018,328.55,330.30,321.16,321.45,1031188288
^JKMNC36,6/22/2018,321.18,322.98,318.37,321.94,1029796672
^JKMNC36,6/25/2018,324.33,328.03,320.15,325.13,840713920
^JKMNC36,6/26/2018,323.18,326.59,322.39,322.45,812227072
^JKMNC36,6/27/2018,323.17,324.29,319.36,319.36,772220096
^JKMNC36,6/28/2018,319.83,320.22,311.69,312.31,996611712
^JKMNC36,6/29/2018,314.14,322.37,314.14,322.37,1046448512
^JKMNC36,7/2/2018,324.99,325.52,319.82,319.82,719314688
^JKMNC36,7/3/2018,318.83,320.45,312.67,313.07,936927680
^JKMNC36,7/4/2018,313.72,322.67,308.71,321.70,808954496
^JKMNC36,7/5/2018,321.20,321.77,317.42,320.92,702500224
^JKMNC36,7/6/2018,320.38,320.97,317.05,317.05,793494784
^JKMNC36,7/9/2018,319.18,325.92,318.43,324.95,817610496
^JKMNC36,7/10/2018,327.78,330.77,325.73,329.31,869726784
^JKMNC36,7/11/2018,325.52,330.51,324.28,330.05,900082688
^JKMNC36,7/12/2018,328.31,331.96,328.27,330.04,821705792
^JKMNC36,7/13/2018,330.10,334.05,330.10,332.93,1004824128
^JKMNC36,7/16/2018,332.92,333.48,325.92,330.45,692111872
^JKMNC36,7/17/2018,328.14,328.36,324.97,326.32,810260992
^JKMNC36,7/18/2018,327.07,328.97,326.44,328.65,811680576
^JKMNC36,7/19/2018,329.33,330.85,326.80,327.09,937580992
^JKMNC36,7/20/2018,326.82,328.80,325.95,328.22,659202816
^JKMNC36,7/23/2018,329.41,332.70,329.32,332.03,728307520
^JKMNC36,7/24/2018,333.85,334.22,332.16,332.59,670303488
^JKMNC36,7/25/2018,333.41,333.44,331.41,332.48,429639488
^JKMNC36,7/26/2018,333.37,334.21,332.50,333.87,1045428416
^JKMNC36,7/27/2018,334.13,337.32,333.49,336.99,688568576
^JKMNC36,7/30/2018,337.84,339.19,336.76,339.19,1069128192
^JKMNC36,7/31/2018,337.85,337.85,329.88,332.26,1474612992
^JKMNC36,8/1/2018,333.58,339.43,332.62,339.43,1087231232
^JKMNC36,8/2/2018,339.52,341.04,337.96,337.96,935513216
^JKMNC36,8/3/2018,338.14,338.40,336.32,338.03,846018176
^JKMNC36,8/6/2018,339.74,345.45,339.65,345.13,1049086400
^JKMNC36,8/7/2018,345.27,345.61,342.75,343.80,997852928
^JKMNC36,8/8/2018,345.77,345.77,342.82,343.35,1015386880
^JKMNC36,8/9/2018,342.82,343.95,340.61,341.86,1038106112
^JKMNC36,8/10/2018,343.69,344.99,341.48,342.83,823408896
^JKMNC36,8/13/2018,337.72,338.07,328.63,328.63,1035981504
^JKMNC36,8/14/2018,327.57,331.04,320.19,321.85,1206987008
^JKMNC36,8/15/2018,323.35,325.52,316.20,324.86,1005164288
^JKMNC36,8/16/2018,322.16,324.60,319.39,322.43,889270272
^JKMNC36,8/20/2018,326.89,331.96,326.05,329.60,903132480
^JKMNC36,8/21/2018,330.36,333.86,329.98,332.85,857435008
^JKMNC36,8/23/2018,333.95,336.75,332.85,336.50,1312527872
^JKMNC36,8/24/2018,335.25,337.96,334.17,335.15,681000000
^JKMNC36,8/27/2018,337.28,338.81,336.80,338.81,953723328
^JKMNC36,8/28/2018,340.58,341.70,338.92,340.42,896768000
^JKMNC36,8/29/2018,338.76,342.31,337.15,342.18,824366592
^JKMNC36,8/30/2018,343.19,343.59,338.02,338.46,800387072
^JKMNC36,8/31/2018,334.96,338.23,332.88,338.23,1109436160
^JKMNC36,9/3/2018,338.98,338.98,334.21,335.13,520746304
^JKMNC36,9/4/2018,335.87,336.01,330.24,331.50,617530112
^JKMNC36,9/5/2018,327.52,327.56,313.68,317.04,1254473216
^JKMNC36,9/6/2018,315.52,325.87,315.52,324.29,1144112256
^JKMNC36,9/7/2018,324.87,330.20,323.54,330.20,740311168
^JKMNC36,9/10/2018,328.61,328.82,324.05,328.71,554552896
^JKMNC36,9/12/2018,329.49,331.52,325.05,325.05,801635584
^JKMNC36,9/13/2018,328.37,329.64,327.70,329.14,875291712
^JKMNC36,9/14/2018,330.28,334.31,329.56,334.31,683780224
^JKMNC36,9/17/2018,332.22,332.22,325.27,326.31,548179200
^JKMNC36,9/18/2018,326.01,327.93,323.23,325.77,768528384
^JKMNC36,9/19/2018,328.26,330.63,328.00,329.85,661572096
^JKMNC36,9/20/2018,332.06,335.58,331.59,335.22,949227904
^JKMNC36,9/21/2018,337.54,338.20,335.09,337.29,1199775616
^JKMNC36,9/24/2018,336.93,337.12,331.58,331.93,564479232
^JKMNC36,9/25/2018,331.44,332.81,329.49,331.34,488092000
^JKMNC36,9/26/2018,331.03,333.81,330.29,330.29,606097984
^JKMNC36,9/27/2018,330.31,334.60,330.31,334.50,895246976
^JKMNC36,9/28/2018,335.34,337.73,334.95,337.14,981871680
^JKMNC36,10/1/2018,335.06,338.64,335.06,335.68,644200128
^JKMNC36,10/2/2018,335.36,336.73,330.35,331.57,992145280
^JKMNC36,10/3/2018,331.59,334.24,329.76,330.42,520864704
^JKMNC36,10/4/2018,328.48,328.48,322.42,323.25,944144576
^JKMNC36,10/5/2018,321.73,323.26,319.59,320.52,715632704
^JKMNC36,10/8/2018,320.46,325.40,320.05,322.49,663657280
^JKMNC36,10/9/2018,323.50,325.33,321.96,325.33,594296832
^JKMNC36,10/11/2018,318.25,321.51,314.96,319.07,981751616
^JKMNC36,10/12/2018,321.20,325.37,321.13,322.29,845692480
^JKMNC36,10/15/2018,325.12,326.89,321.50,321.59,732650880
^JKMNC36,10/16/2018,322.81,328.26,321.15,328.26,689889728
^JKMNC36,10/17/2018,331.19,332.22,328.64,332.22,793964096
^JKMNC36,10/18/2018,330.54,330.87,327.03,329.66,620181888
^JKMNC36,10/19/2018,326.49,330.45,325.98,328.61,914321920
^JKMNC36,10/22/2018,329.11,330.89,328.30,329.07,592484096
^JKMNC36,10/23/2018,328.94,329.40,326.10,326.55,614649920
^JKMNC36,10/24/2018,326.58,327.57,319.47,319.47,809815104
^JKMNC36,10/25/2018,313.08,323.71,312.89,323.71,849002368
^JKMNC36,10/26/2018,324.59,327.19,322.92,326.68,748026816
^JKMNC36,10/29/2018,327.54,328.53,323.91,324.72,512303488
^JKMNC36,10/30/2018,324.98,328.41,323.65,328.41,786088000
^JKMNC36,10/31/2018,330.94,331.51,326.49,331.48,1053579712
^JKMNC36,11/1/2018,333.34,335.85,332.26,334.14,1052249600
^JKMNC36,11/2/2018,337.11,339.30,333.97,339.30,1602993408
^JKMNC36,11/5/2018,339.35,339.58,337.40,339.45,716889280
^JKMNC36,11/6/2018,341.57,342.39,338.45,340.76,837695424
^JKMNC36,11/7/2018,340.51,342.21,338.18,341.50,955316992
^JKMNC36,11/8/2018,342.82,346.03,342.76,344.34,1200367744
^JKMNC36,11/9/2018,340.44,340.70,337.69,338.45,774451072
^JKMNC36,11/12/2018,337.95,337.97,330.51,330.51,687642304
^JKMNC36,11/13/2018,330.02,336.47,329.83,335.56,835293376
^JKMNC36,11/14/2018,338.90,340.45,336.80,336.80,1056167424
^JKMNC36,11/15/2018,341.18,344.01,338.66,343.70,975660096
^JKMNC36,11/16/2018,348.51,351.85,347.52,349.22,1162560256
^JKMNC36,11/19/2018,350.79,350.89,345.64,348.15,761437312
^JKMNC36,11/21/2018,342.51,345.82,340.04,342.83,1213507840
^JKMNC36,11/22/2018,341.62,346.44,341.62,346.44,1090011648
^JKMNC36,11/23/2018,346.91,348.41,344.54,346.67,780640576
^JKMNC36,11/26/2018,345.05,347.40,345.05,346.83,927267392
^JKMNC36,11/27/2018,346.52,347.77,344.92,347.02,1092275200
^JKMNC36,11/28/2018,348.45,348.53,344.58,344.65,1072747584
^JKMNC36,11/29/2018,347.88,352.54,347.77,352.54,1370022912
^JKMNC36,11/30/2018,352.00,353.04,348.13,348.13,2301433344
^JKMNC36,12/3/2018,353.36,355.78,351.65,351.84,1700786560
^JKMNC36,12/4/2018,351.70,355.62,351.54,355.62,1297993856
^JKMNC36,12/5/2018,350.65,353.48,349.11,353.35,1236172544
^JKMNC36,12/6/2018,349.74,351.96,349.09,351.77,1071632000
^JKMNC36,12/7/2018,350.73,352.94,349.68,351.46,1048872512
^JKMNC36,12/10/2018,348.89,350.60,347.77,350.02,751064832
^JKMNC36,12/11/2018,348.91,349.43,347.37,347.86,1121801856
^JKMNC36,12/12/2018,349.69,350.50,348.20,349.68,993469504
^JKMNC36,12/13/2018,351.74,355.51,351.29,355.15,1180753920
^JKMNC36,12/14/2018,355.14,355.61,353.46,353.93,1056136128
^JKMNC36,12/17/2018,353.64,354.62,349.19,349.19,881458880
^JKMNC36,12/18/2018,346.07,349.00,343.36,348.97,887158016
^JKMNC36,12/19/2018,348.54,354.47,348.52,354.26,913447168
^JKMNC36,12/20/2018,351.31,352.74,349.60,351.89,855023488
^JKMNC36,12/21/2018,348.99,353.08,348.91,352.52,1114996096
^JKMNC36,12/26/2018,349.36,351.43,347.03,349.84,634456384
^JKMNC36,12/27/2018,353.68,354.71,351.77,353.58,652346496
^JKMNC36,12/28/2018,354.44,355.60,352.42,352.42,726265600
^JKMNC36,1/2/2019,352.21,353.54,351.48,352.91,631512576
^JKMNC36,1/3/2019,351.62,354.36,350.96,354.03,878200832
^JKMNC36,1/4/2019,353.31,357.78,352.47,357.78,1156997504
^JKMNC36,1/7/2019,361.16,363.41,359.14,359.14,1134290048
^JKMNC36,1/8/2019,359.17,361.13,356.76,358.23,1037718272
^JKMNC36,1/9/2019,361.02,361.98,357.76,358.38,1132384000
^JKMNC36,1/10/2019,360.31,363.10,357.97,363.10,1279718912
^JKMNC36,1/11/2019,364.68,364.88,362.70,364.31,883936192
^JKMNC36,1/14/2019,363.38,363.68,360.04,362.70,831147904
^JKMNC36,1/15/2019,363.05,366.87,362.78,366.87,1100000000
^JKMNC36,1/16/2019,367.48,368.38,365.35,367.59,1392547328
^JKMNC36,1/17/2019,368.12,371.12,368.07,369.91,1202445056
^JKMNC36,1/18/2019,371.27,372.49,368.66,372.49,935503488
^JKMNC36,1/21/2019,372.11,373.85,371.60,372.24,903750208
^JKMNC36,1/22/2019,372.16,373.23,368.91,372.39,1056385728
^JKMNC36,1/23/2019,370.83,371.95,368.95,369.08,1198016256
^JKMNC36,1/24/2019,368.39,370.88,367.38,370.26,1342681856
^JKMNC36,1/25/2019,370.75,372.22,370.06,371.67,1138794880
^JKMNC36,1/28/2019,372.00,372.71,367.04,368.87,1279682816
^JKMNC36,1/29/2019,368.09,370.68,366.09,367.02,1144081920
^JKMNC36,1/30/2019,367.41,369.67,366.24,369.33,1213466112
^JKMNC36,1/31/2019,371.70,375.10,371.70,374.41,1626126976
^JKMNC36,2/1/2019,377.00,377.39,373.40,375.67,906748480
^JKMNC36,2/4/2019,375.65,376.49,369.35,369.55,1109995136
^JKMNC36,2/6/2019,371.24,374.61,371.24,373.70,1070757376
^JKMNC36,2/7/2019,374.24,374.48,371.13,372.96,952511232
^JKMNC36,2/8/2019,370.71,371.93,369.99,371.49,804068800
^JKMNC36,2/11/2019,371.61,372.17,369.94,370.04,919160704
^JKMNC36,2/12/2019,369.16,369.40,363.45,364.85,1140141056
^JKMNC36,2/13/2019,366.16,366.50,362.45,362.99,1180468736
^JKMNC36,2/14/2019,364.43,364.55,360.98,361.37,955589120
^JKMNC36,2/15/2019,361.45,361.96,358.08,359.50,1045956928
^JKMNC36,2/18/2019,362.37,368.03,362.26,367.18,1113150464
^JKMNC36,2/19/2019,367.41,369.76,366.52,366.52,1133715456
^JKMNC36,2/20/2019,369.05,370.95,365.31,367.66,1394859904
^JKMNC36,2/21/2019,367.40,369.58,366.52,369.21,1378501760
^JKMNC36,2/22/2019,367.70,368.77,365.25,366.65,1157434112
^JKMNC36,2/25/2019,368.41,369.30,366.86,368.25,917599680
^JKMNC36,2/26/2019,367.92,370.13,366.34,370.13,888344320
^JKMNC36,2/27/2019,368.95,369.57,366.78,368.13,914931776
^JKMNC36,2/28/2019,368.37,368.37,361.96,361.96,1248935040
^JKMNC36,3/1/2019,364.31,366.18,363.94,365.34,893254080
^JKMNC36,3/4/2019,365.88,367.83,365.54,365.54,842687296
^JKMNC36,3/5/2019,365.37,365.44,360.16,362.24,887987008
^JKMNC36,3/6/2019,361.13,363.90,361.13,362.99,701058496
^JKMNC36,3/8/2019,361.51,361.89,357.88,357.88,951564800
^JKMNC36,3/11/2019,361.35,361.46,358.07,358.32,865167104
^JKMNC36,3/12/2019,360.67,361.25,357.07,357.70,865034176
^JKMNC36,3/13/2019,356.09,358.30,355.97,358.12,1067978816
^JKMNC36,3/14/2019,357.73,360.80,357.38,360.75,1019241984
^JKMNC36,3/15/2019,361.09,366.25,361.03,364.24,1603387648
^JKMNC36,3/18/2019,366.07,367.85,365.67,367.85,864460288
^JKMNC36,3/19/2019,368.09,368.57,365.51,366.71,817010816
^JKMNC36,3/20/2019,367.23,367.73,365.73,367.38,680407808
^JKMNC36,3/21/2019,368.64,369.41,366.71,368.01,915099520
^JKMNC36,3/22/2019,368.63,369.05,366.94,368.59,693296384
^JKMNC36,3/25/2019,364.21,365.04,359.85,360.38,984282112
^JKMNC36,3/26/2019,363.14,364.96,362.80,364.34,677647808
^JKMNC36,3/27/2019,365.31,365.46,362.56,362.65,710566208
^JKMNC36,3/28/2019,364.00,366.44,363.15,366.44,929990400
^JKMNC36,3/29/2019,366.12,367.99,364.19,367.99,1155213952
^JKMNC36,4/1/2019,369.00,369.60,366.63,366.63,835243392
^JKMNC36,4/2/2019,368.79,369.74,365.87,367.87,841025984
^JKMNC36,4/4/2019,369.26,370.95,368.17,370.62,1019698304
^JKMNC36,4/5/2019,371.28,371.51,369.33,369.38,781991296
^JKMNC36,4/8/2019,369.87,370.03,364.11,367.89,881998080
^JKMNC36,4/9/2019,368.65,372.00,367.87,371.84,885521472
^JKMNC36,4/10/2019,370.94,371.19,366.76,366.83,784659904
^JKMNC36,4/11/2019,370.94,371.19,366.76,366.83,784659904
^JKMNC36,4/12/2019,365.37,367.18,365.32,366.34,683807808
^JKMNC36,4/15/2019,368.37,368.53,365.76,367.36,607391104
^JKMNC36,4/16/2019,367.42,371.08,366.97,370.53,894719680
^JKMNC36,4/18/2019,377.59,384.16,371.77,373.21,1442955008
^JKMNC36,4/22/2019,373.33,373.92,367.14,367.77,679832128
^JKMNC36,4/23/2019,368.38,372.63,367.27,371.61,687666624
^JKMNC36,4/24/2019,371.22,372.07,369.91,371.22,805731584
^JKMNC36,4/25/2019,368.69,369.46,364.66,366.49,1029119296
^JKMNC36,4/26/2019,364.23,368.86,362.23,368.86,748955200
^JKMNC36,4/29/2019,367.25,369.74,365.94,369.15,706673280
^JKMNC36,4/30/2019,370.41,371.67,369.58,370.70,958621184
^JKMNC36,5/2/2019,371.33,371.74,364.78,365.51,933261568
^JKMNC36,5/3/2019,365.01,365.17,359.16,362.09,982274432
^JKMNC36,5/6/2019,356.93,358.44,354.10,358.04,810335872
^JKMNC36,5/7/2019,359.20,361.73,358.91,360.41,820224704
^JKMNC36,5/8/2019,357.08,358.42,355.26,358.39,786254528
^JKMNC36,5/9/2019,356.26,357.15,353.43,353.85,1093950848
^JKMNC36,5/10/2019,354.18,355.83,350.20,354.40,960176320
^JKMNC36,5/13/2019,355.71,356.41,350.46,350.46,728247680
^JKMNC36,5/14/2019,345.78,349.07,342.56,346.53,988173376
^JKMNC36,5/15/2019,348.38,348.97,340.73,340.73,1145249920
^JKMNC36,5/16/2019,339.73,342.61,334.41,335.06,820571072
^JKMNC36,5/17/2019,338.35,338.76,329.72,329.72,773780416
^JKMNC36,5/20/2019,329.16,337.40,324.84,335.21,747220608
^JKMNC36,5/21/2019,336.97,340.99,336.20,337.64,927979520
^JKMNC36,5/22/2019,337.48,338.91,334.95,337.00,498223808
^JKMNC36,5/23/2019,337.35,344.80,337.17,343.97,910574400
^JKMNC36,5/24/2019,344.49,347.34,343.92,345.24,745919104
^JKMNC36,5/27/2019,344.81,349.15,344.62,347.90,913571968
^JKMNC36,5/28/2019,348.22,349.37,342.71,342.71,1816724736
^JKMNC36,5/29/2019,345.08,348.71,344.57,348.31,829066304
^JKMNC36,5/31/2019,349.14,356.45,349.09,356.45,1093535616
^JKMNC36,6/10/2019,362.17,366.90,361.54,362.27,1438419456
^JKMNC36,6/11/2019,362.09,363.70,359.12,363.02,964771584
^JKMNC36,6/12/2019,360.66,362.57,360.33,361.79,815373696
^JKMNC36,6/13/2019,362.47,362.58,359.16,360.86,799778304
^JKMNC36,6/14/2019,360.96,362.12,358.45,359.33,609550528
^JKMNC36,6/17/2019,360.46,360.58,355.59,355.59,701819584
^JKMNC36,6/18/2019,356.01,361.02,355.84,361.02,1013065920
^JKMNC36,6/19/2019,363.50,366.05,363.27,365.94,1118899968
^JKMNC36,6/20/2019,366.22,366.95,362.63,364.88,1049999104
^JKMNC36,6/21/2019,365.65,366.20,359.41,363.20,1185724160
^JKMNC36,6/24/2019,362.27,363.04,360.17,360.76,619901824
^JKMNC36,6/25/2019,362.64,363.11,361.19,362.28,910822080
^JKMNC36,6/26/2019,362.49,363.24,360.76,361.34,1018513216
^JKMNC36,6/27/2019,362.36,364.60,361.85,364.27,880339008
^JKMNC36,6/28/2019,365.42,366.09,364.02,364.94,825124416
^JKMNC36,7/1/2019,366.44,367.27,364.68,365.77,819529408
^JKMNC36,7/2/2019,366.17,366.51,364.22,366.12,763969408
^JKMNC36,7/3/2019,364.78,366.42,363.33,365.59,924452224
^JKMNC36,7/4/2019,365.95,366.59,364.76,365.85,727649984
^JKMNC36,7/5/2019,365.38,366.76,364.26,365.98,824102400
^JKMNC36,7/8/2019,365.01,365.74,362.57,363.61,753202816
^JKMNC36,7/9/2019,363.24,365.53,363.20,365.46,687819328
^JKMNC36,7/10/2019,366.09,367.90,365.87,367.71,723881792
^JKMNC36,7/11/2019,369.07,369.37,366.58,367.91,807117184
^JKMNC36,7/12/2019,367.72,368.64,365.03,365.03,921154688
^JKMNC36,7/15/2019,367.66,369.90,367.17,368.09,1048905280
^JKMNC36,7/16/2019,367.97,368.78,366.38,367.41,882673984
^JKMNC36,7/17/2019,366.60,367.30,365.30,366.86,932846592
^JKMNC36,7/18/2019,365.88,367.28,364.65,366.37,1009675584
^JKMNC36,7/19/2019,367.36,369.36,367.36,369.33,802759168
^JKMNC36,7/22/2019,369.97,370.34,366.73,367.59,645120896
^JKMNC36,7/23/2019,368.50,369.23,365.97,366.37,673064704
^JKMNC36,7/24/2019,367.38,367.60,364.58,364.92,706418624
^JKMNC36,7/25/2019,365.86,366.99,364.53,365.53,897318976
^JKMNC36,7/26/2019,363.84,364.24,358.92,360.39,830850624
^JKMNC36,7/29/2019,361.76,362.38,357.59,358.76,741378880
^JKMNC36,7/30/2019,359.89,363.04,359.08,362.92,856498432
^JKMNC36,7/31/2019,361.64,364.10,360.72,363.56,1278135552
^JKMNC36,8/1/2019,363.12,365.01,361.89,363.08,976467776
^JKMNC36,8/2/2019,359.31,361.27,358.31,360.26,898749824
^JKMNC36,8/5/2019,358.25,358.52,349.54,349.54,971093888
^JKMNC36,8/6/2019,343.40,347.91,338.30,343.87,1377561856
^JKMNC36,8/7/2019,346.47,351.27,345.61,349.53,1367470464
^JKMNC36,8/8/2019,350.87,353.94,350.43,353.57,984433472
^JKMNC36,8/9/2019,355.69,356.69,353.70,353.70,821005184
^JKMNC36,8/12/2019,355.18,355.47,350.55,351.77,627461120
^JKMNC36,8/13/2019,351.78,351.81,347.18,348.18,706937792
^JKMNC36,8/14/2019,351.79,352.85,349.58,351.80,1163719040
^JKMNC36,8/15/2019,345.70,350.67,343.85,350.67,1301197440
^JKMNC36,8/16/2019,351.26,352.56,348.74,351.61,938260800
^JKMNC36,8/19/2019,353.19,354.61,350.99,351.70,691679296
^JKMNC36,8/20/2019,353.03,353.25,349.53,350.43,906195584
^JKMNC36,8/21/2019,350.08,351.04,346.74,346.74,781097920
^JKMNC36,8/22/2019,347.41,348.48,344.63,346.52,852798016
^JKMNC36,8/23/2019,345.55,347.83,343.79,347.83,625266112
^JKMNC36,8/26/2019,343.01,346.33,339.62,346.06,897145792
^JKMNC36,8/27/2019,348.38,350.64,346.12,349.08,1153470464
^JKMNC36,8/28/2019,349.74,351.08,348.62,350.38,871102976
^JKMNC36,8/29/2019,350.92,351.95,349.28,349.56,747511808
^JKMNC36,8/30/2019,351.58,352.59,350.11,352.59,960486016
^JKMNC36,9/2/2019,352.74,353.15,347.27,347.63,1172162688
^JKMNC36,9/3/2019,347.51,349.09,344.47,345.70,1048589376
^JKMNC36,9/4/2019,346.54,346.81,343.52,345.64,777083904
^JKMNC36,9/5/2019,347.90,348.42,345.95,348.27,1145778688
^JKMNC36,9/6/2019,350.00,350.53,348.52,349.58,906667200
^JKMNC36,9/9/2019,350.87,351.17,348.05,350.25,772511424
^JKMNC36,9/10/2019,350.22,351.21,349.16,351.21,862975296
^JKMNC36,9/11/2019,350.67,354.81,349.74,354.81,936169024
^JKMNC36,9/12/2019,356.65,357.63,351.78,352.23,823847296
^JKMNC36,9/13/2019,354.52,354.97,351.53,352.42,614084992
^JKMNC36,9/16/2019,345.08,345.24,339.09,342.17,1034681088
^JKMNC36,9/17/2019,341.44,343.59,340.25,343.13,810323904
^JKMNC36,9/18/2019,343.49,345.85,343.21,345.85,822819392
^JKMNC36,9/19/2019,345.54,346.00,343.10,343.10,619955200
^JKMNC36,9/20/2019,343.09,343.66,340.23,341.33,1120599168
^JKMNC36,9/23/2019,342.21,342.81,339.91,340.81,700519680
^JKMNC36,9/24/2019,339.49,339.83,334.31,335.79,843949504
^JKMNC36,9/25/2019,334.18,335.94,330.73,335.94,615416384
^JKMNC36,9/26/2019,338.09,341.73,337.55,341.43,712814784
^JKMNC36,9/27/2019,340.28,340.63,338.69,339.30,504723904
^JKMNC36,9/30/2019,338.99,339.19,336.25,337.67,631189824
^JKMNC36,10/1/2019,336.52,338.02,335.06,335.11,522073984
^JKMNC36,10/2/2019,333.90,336.11,329.06,329.06,764568704
^JKMNC36,10/3/2019,327.08,328.48,324.05,327.13,718545728
^JKMNC36,10/4/2019,327.81,330.06,326.87,328.25,580328512
^JKMNC36,10/7/2019,329.34,329.70,324.16,324.74,504611584
^JKMNC36,10/8/2019,326.23,328.33,325.42,328.33,661930496
^JKMNC36,10/9/2019,327.54,328.36,326.17,326.45,715225728
^JKMNC36,10/10/2019,326.24,327.64,325.80,326.00,755296128
^JKMNC36,10/11/2019,326.88,331.47,326.87,330.72,627149376
^JKMNC36,10/14/2019,332.53,334.63,331.29,333.00,604041280
^JKMNC36,10/15/2019,333.32,334.82,331.45,334.78,709591104
^JKMNC36,10/16/2019,335.86,336.79,334.03,335.92,773016576
^JKMNC36,10/17/2019,336.03,338.39,335.22,336.66,720600128
^JKMNC36,10/18/2019,337.07,338.41,336.38,337.28,1121263360
^JKMNC36,10/21/2019,338.61,339.85,337.20,338.15,677626816
^JKMNC36,10/22/2019,339.01,339.92,336.20,339.58,788678528
^JKMNC36,10/23/2019,339.52,341.87,337.30,341.87,1003024320
^JKMNC36,10/24/2019,342.91,349.18,342.68,349.17,1282732288
^JKMNC36,10/25/2019,349.73,349.99,341.98,342.53,862146112
^JKMNC36,10/28/2019,342.89,345.11,342.29,343.76,700189184
^JKMNC36,10/29/2019,344.17,344.98,342.04,344.17,926858816
^JKMNC36,10/30/2019,346.56,346.57,343.23,345.35,692953792
^JKMNC36,10/31/2019,345.20,345.67,340.58,342.62,1083828608
^JKMNC36,11/1/2019,342.60,342.79,339.44,340.47,1104111360
^JKMNC36,11/4/2019,341.32,342.82,338.43,338.43,938251712
^JKMNC36,11/5/2019,340.45,344.90,339.46,344.90,978344896
^JKMNC36,11/6/2019,345.46,345.46,340.19,340.61,923009920
^JKMNC36,11/7/2019,342.27,342.35,333.29,336.61,1221596032
^JKMNC36,11/8/2019,336.58,337.89,334.63,337.48,917500416
^JKMNC36,11/11/2019,336.86,337.50,335.47,337.03,599161408
^JKMNC36,11/12/2019,335.76,339.10,335.43,339.10,690358016
^JKMNC36,11/13/2019,338.64,339.40,336.24,336.99,664080576
^JKMNC36,11/14/2019,336.64,337.26,332.33,334.79,654165696
